File Name,Class
C:\Users\srafa\OneDrive\Desktop\sickness_detection\train\sick\01C7RT05TfI_0_5.wav,sick
C:\Users\srafa\OneDrive\Desktop\sickness_detection\train\sick\02Sa2hBL_48_20_25.wav,sick
C:\Users\srafa\OneDrive\Desktop\sickness_detection\train\sick\03l610T5nfY_400_405.wav,sick
C:\Users\srafa\OneDrive\Desktop\sickness_detection\train\sick\03lAXcmqsMU_30_35.wav,sick
C:\Users\srafa\OneDrive\Desktop\sickness_detection\train\sick\03lAXcmqsMU_35_40.wav,sick
C:\Users\srafa\OneDrive\Desktop\sickness_detection\train\sick\05FErJX7xOU_60_65.wav,sick
C:\Users\srafa\OneDrive\Desktop\sickness_detection\train\sick\05YBpmCnoOQ_55_60.wav,sick
C:\Users\srafa\OneDrive\Desktop\sickness_detection\train\sick\06YwLqlR1Jc_65_70.wav,sick
C:\Users\srafa\OneDrive\Desktop\sickness_detection\train\sick\07IihPE8oK4_0_5.wav,sick
C:\Users\srafa\OneDrive\Desktop\sickness_detection\train\sick\08Ht8OvuII_30_35.wav,sick
C:\Users\srafa\OneDrive\Desktop\sickness_detection\train\sick\0AWF9zOT8YY_150_155.wav,sick
C:\Users\srafa\OneDrive\Desktop\sickness_detection\train\sick\0CroKP1sYVw_10_15.wav,sick
C:\Users\srafa\OneDrive\Desktop\sickness_detection\train\sick\0CroKP1sYVw_15_20.wav,sick
C:\Users\srafa\OneDrive\Desktop\sickness_detection\train\sick\0D3I6ZS2Im0_0_5.wav,sick
C:\Users\srafa\OneDrive\Desktop\sickness_detection\train\sick\0Dh4NhF27jc_140_145.wav,sick
C:\Users\srafa\OneDrive\Desktop\sickness_detection\train\sick\0hHCTS_wSMg_40_45.wav,sick
C:\Users\srafa\OneDrive\Desktop\sickness_detection\train\sick\0i3NoXuF1aQ_30_35.wav,sick
C:\Users\srafa\OneDrive\Desktop\sickness_detection\train\sick\0i3NoXuF1aQ_35_40.wav,sick
C:\Users\srafa\OneDrive\Desktop\sickness_detection\train\sick\0ii8QJsOpfQ_0_5.wav,sick
C:\Users\srafa\OneDrive\Desktop\sickness_detection\train\sick\0ii8QJsOpfQ_5_10.wav,sick
C:\Users\srafa\OneDrive\Desktop\sickness_detection\train\sick\0iiwZ2_9Vi8_95_100.wav,sick
C:\Users\srafa\OneDrive\Desktop\sickness_detection\train\sick\0j9qI0sYEUE_110_115.wav,sick
C:\Users\srafa\OneDrive\Desktop\sickness_detection\train\sick\0k6KjLouAHs_35_40.wav,sick
C:\Users\srafa\OneDrive\Desktop\sickness_detection\train\sick\0L3B0h26pPE_20_25.wav,sick
C:\Users\srafa\OneDrive\Desktop\sickness_detection\train\sick\0lKLzK9c5cM_13_18.wav,sick
C:\Users\srafa\OneDrive\Desktop\sickness_detection\train\sick\0MwZQ1WZyM_0_5.wav,sick
C:\Users\srafa\OneDrive\Desktop\sickness_detection\train\sick\0MwZQ1WZyM_5_10.wav,sick
C:\Users\srafa\OneDrive\Desktop\sickness_detection\train\sick\0oUkEze_kmo_30_35.wav,sick
C:\Users\srafa\OneDrive\Desktop\sickness_detection\train\sick\0p1GeiDB1e4_175_180.wav,sick
C:\Users\srafa\OneDrive\Desktop\sickness_detection\train\sick\0pM8_hyW8SU_130_135.wav,sick
C:\Users\srafa\OneDrive\Desktop\sickness_detection\train\sick\0pM8_hyW8SU_135_140.wav,sick
C:\Users\srafa\OneDrive\Desktop\sickness_detection\train\sick\0q318QSI80U_3_8.wav,sick
C:\Users\srafa\OneDrive\Desktop\sickness_detection\train\sick\0qCvekeAHkc_215_220.wav,sick
C:\Users\srafa\OneDrive\Desktop\sickness_detection\train\sick\0qktEoIX2Sk_40_45.wav,sick
C:\Users\srafa\OneDrive\Desktop\sickness_detection\train\sick\0qktEoIX2Sk_45_50.wav,sick
C:\Users\srafa\OneDrive\Desktop\sickness_detection\train\sick\0rNFshd9OEc_40_45.wav,sick
C:\Users\srafa\OneDrive\Desktop\sickness_detection\train\sick\0rNFshd9OEc_45_50.wav,sick
C:\Users\srafa\OneDrive\Desktop\sickness_detection\train\sick\0ry6MOZmmf4_30_35.wav,sick
C:\Users\srafa\OneDrive\Desktop\sickness_detection\train\sick\0ry6MOZmmf4_35_40.wav,sick
C:\Users\srafa\OneDrive\Desktop\sickness_detection\train\sick\0sDlmseq2Kg_40_45.wav,sick
C:\Users\srafa\OneDrive\Desktop\sickness_detection\train\sick\0sDlmseq2Kg_45_50.wav,sick
C:\Users\srafa\OneDrive\Desktop\sickness_detection\train\sick\0tdPAVBzzOE_120_125.wav,sick
C:\Users\srafa\OneDrive\Desktop\sickness_detection\train\sick\0tdPAVBzzOE_125_130.wav,sick
C:\Users\srafa\OneDrive\Desktop\sickness_detection\train\sick\0tiaNDitiOY_35_40.wav,sick
C:\Users\srafa\OneDrive\Desktop\sickness_detection\train\sick\0UBf6Dv1lSY_10_15.wav,sick
C:\Users\srafa\OneDrive\Desktop\sickness_detection\train\sick\0UBf6Dv1lSY_15_20.wav,sick
C:\Users\srafa\OneDrive\Desktop\sickness_detection\train\sick\0UKv333EMPM_235_240.wav,sick
C:\Users\srafa\OneDrive\Desktop\sickness_detection\train\sick\0v8MGxNetjg_10_15.wav,sick
C:\Users\srafa\OneDrive\Desktop\sickness_detection\train\sick\0v8MGxNetjg_15_20.wav,sick
C:\Users\srafa\OneDrive\Desktop\sickness_detection\train\sick\0VaWzVLOWvE_125_130.wav,sick
C:\Users\srafa\OneDrive\Desktop\sickness_detection\train\sick\0WPDmbAui6k_5_10.wav,sick
C:\Users\srafa\OneDrive\Desktop\sickness_detection\train\sick\0XYmlQjyRbw_250_255.wav,sick
C:\Users\srafa\OneDrive\Desktop\sickness_detection\train\sick\0YDNLhmzbg_50_55.wav,sick
C:\Users\srafa\OneDrive\Desktop\sickness_detection\train\sick\0YDNLhmzbg_55_60.wav,sick
C:\Users\srafa\OneDrive\Desktop\sickness_detection\train\sick\0ZPTqp1E3J4_11_16.wav,sick
C:\Users\srafa\OneDrive\Desktop\sickness_detection\train\sick\0_B2YnBAz3A_220_225.wav,sick
C:\Users\srafa\OneDrive\Desktop\sickness_detection\train\sick\0_FFqLukmHk_80_85.wav,sick
C:\Users\srafa\OneDrive\Desktop\sickness_detection\train\sick\0_FFqLukmHk_85_90.wav,sick
C:\Users\srafa\OneDrive\Desktop\sickness_detection\train\sick\0_FtKP3LJg_80_85.wav,sick
C:\Users\srafa\OneDrive\Desktop\sickness_detection\train\sick\0_FtKP3LJg_85_90.wav,sick
C:\Users\srafa\OneDrive\Desktop\sickness_detection\train\sick\0_ZF9vT5Bs_10_15.wav,sick
C:\Users\srafa\OneDrive\Desktop\sickness_detection\train\sick\14XSF2FAJSY_30_35.wav,sick
C:\Users\srafa\OneDrive\Desktop\sickness_detection\train\sick\15lAut5RyU_75_80.wav,sick
C:\Users\srafa\OneDrive\Desktop\sickness_detection\train\sick\15q4pZLAEtg_105_110.wav,sick
C:\Users\srafa\OneDrive\Desktop\sickness_detection\train\sick\16r5GrlkEDk_95_100.wav,sick
C:\Users\srafa\OneDrive\Desktop\sickness_detection\train\sick\19baBw3WGsE_30_35.wav,sick
C:\Users\srafa\OneDrive\Desktop\sickness_detection\train\sick\19baBw3WGsE_35_40.wav,sick
C:\Users\srafa\OneDrive\Desktop\sickness_detection\train\sick\1a1Dx52izTo_0_5.wav,sick
C:\Users\srafa\OneDrive\Desktop\sickness_detection\train\sick\1a1Dx52izTo_5_10.wav,sick
C:\Users\srafa\OneDrive\Desktop\sickness_detection\train\sick\1alQZjvWr38_30_35.wav,sick
C:\Users\srafa\OneDrive\Desktop\sickness_detection\train\sick\1alQZjvWr38_35_40.wav,sick
C:\Users\srafa\OneDrive\Desktop\sickness_detection\train\sick\1CXtcjUkFM_35_40.wav,sick
C:\Users\srafa\OneDrive\Desktop\sickness_detection\train\sick\1dYd8G4hkwc_25_30.wav,sick
C:\Users\srafa\OneDrive\Desktop\sickness_detection\train\sick\1e3_ucOz0Ik_20_25.wav,sick
C:\Users\srafa\OneDrive\Desktop\sickness_detection\train\sick\1e3_ucOz0Ik_25_30.wav,sick
C:\Users\srafa\OneDrive\Desktop\sickness_detection\train\sick\1eBrdIZbNJg_30_35.wav,sick
C:\Users\srafa\OneDrive\Desktop\sickness_detection\train\sick\1EiNSiO0UvU_5_10.wav,sick
C:\Users\srafa\OneDrive\Desktop\sickness_detection\train\sick\1F234DLNRYc_10_15.wav,sick
C:\Users\srafa\OneDrive\Desktop\sickness_detection\train\sick\1F234DLNRYc_15_20.wav,sick
C:\Users\srafa\OneDrive\Desktop\sickness_detection\train\sick\1GwY2n4HIM0_70_75.wav,sick
C:\Users\srafa\OneDrive\Desktop\sickness_detection\train\sick\1i2WMB_f6QY_160_165.wav,sick
C:\Users\srafa\OneDrive\Desktop\sickness_detection\train\sick\1i2WMB_f6QY_165_170.wav,sick
C:\Users\srafa\OneDrive\Desktop\sickness_detection\train\sick\1iRg77XGa4_35_40.wav,sick
C:\Users\srafa\OneDrive\Desktop\sickness_detection\train\sick\1j1duoxdxBg_70_75.wav,sick
C:\Users\srafa\OneDrive\Desktop\sickness_detection\train\sick\1j1duoxdxBg_75_80.wav,sick
C:\Users\srafa\OneDrive\Desktop\sickness_detection\train\sick\1jc3YPwYfC4_220_225.wav,sick
C:\Users\srafa\OneDrive\Desktop\sickness_detection\train\sick\1jc3YPwYfC4_225_230.wav,sick
C:\Users\srafa\OneDrive\Desktop\sickness_detection\train\sick\1JxnLOOUHaw_225_230.wav,sick
C:\Users\srafa\OneDrive\Desktop\sickness_detection\train\sick\1mcylIPVwCk_35_40.wav,sick
C:\Users\srafa\OneDrive\Desktop\sickness_detection\train\sick\1MSYO4wgiag_120_125.wav,sick
C:\Users\srafa\OneDrive\Desktop\sickness_detection\train\sick\1OCyUeuv2Q_45_50.wav,sick
C:\Users\srafa\OneDrive\Desktop\sickness_detection\train\sick\1PajbAKd8Kg_0_5.wav,sick
C:\Users\srafa\OneDrive\Desktop\sickness_detection\train\sick\1PajbAKd8Kg_5_10.wav,sick
C:\Users\srafa\OneDrive\Desktop\sickness_detection\train\sick\1PPN1HwpHfY_30_35.wav,sick
C:\Users\srafa\OneDrive\Desktop\sickness_detection\train\sick\1PPN1HwpHfY_35_40.wav,sick
C:\Users\srafa\OneDrive\Desktop\sickness_detection\train\sick\1U8Y6VifIM_55_60.wav,sick
C:\Users\srafa\OneDrive\Desktop\sickness_detection\train\sick\1UDFq2InljM_10_15.wav,sick
C:\Users\srafa\OneDrive\Desktop\sickness_detection\train\sick\1UDFq2InljM_15_20.wav,sick
C:\Users\srafa\OneDrive\Desktop\sickness_detection\train\sick\1VRjLJx7qII_20_25.wav,sick
C:\Users\srafa\OneDrive\Desktop\sickness_detection\train\sick\1VRjLJx7qII_25_30.wav,sick
C:\Users\srafa\OneDrive\Desktop\sickness_detection\train\sick\1WZv0QnsEsw_10_15.wav,sick
C:\Users\srafa\OneDrive\Desktop\sickness_detection\train\sick\1Xmw9VUzvLY_150_155.wav,sick
C:\Users\srafa\OneDrive\Desktop\sickness_detection\train\sick\1Xmw9VUzvLY_155_160.wav,sick
C:\Users\srafa\OneDrive\Desktop\sickness_detection\train\sick\1_oZWCKCGqA_10_15.wav,sick
C:\Users\srafa\OneDrive\Desktop\sickness_detection\train\sick\1_oZWCKCGqA_15_20.wav,sick
C:\Users\srafa\OneDrive\Desktop\sickness_detection\train\sick\2a0ZcVUlce0_85_90.wav,sick
C:\Users\srafa\OneDrive\Desktop\sickness_detection\train\sick\2Bx5e9vwLGk_60_65.wav,sick
C:\Users\srafa\OneDrive\Desktop\sickness_detection\train\sick\2Bx5e9vwLGk_65_70.wav,sick
C:\Users\srafa\OneDrive\Desktop\sickness_detection\train\sick\2BxY32GiQt8_420_425.wav,sick
C:\Users\srafa\OneDrive\Desktop\sickness_detection\train\sick\2B_QV_5R4Zo_10_15.wav,sick
C:\Users\srafa\OneDrive\Desktop\sickness_detection\train\sick\2EFjQPMmAS8_5_10.wav,sick
C:\Users\srafa\OneDrive\Desktop\sickness_detection\train\sick\2Ev7_PQ7IIs_10_15.wav,sick
C:\Users\srafa\OneDrive\Desktop\sickness_detection\train\sick\2Ev7_PQ7IIs_15_20.wav,sick
C:\Users\srafa\OneDrive\Desktop\sickness_detection\train\sick\2Ez4R0a1icc_45_50.wav,sick
C:\Users\srafa\OneDrive\Desktop\sickness_detection\train\sick\2hbytlgqDx4_145_150.wav,sick
C:\Users\srafa\OneDrive\Desktop\sickness_detection\train\sick\2Hp1AvKRiOA_10_15.wav,sick
C:\Users\srafa\OneDrive\Desktop\sickness_detection\train\sick\2Hp1AvKRiOA_15_20.wav,sick
C:\Users\srafa\OneDrive\Desktop\sickness_detection\train\sick\2I2IzXnhmtc_120_125.wav,sick
C:\Users\srafa\OneDrive\Desktop\sickness_detection\train\sick\2I2IzXnhmtc_125_130.wav,sick
C:\Users\srafa\OneDrive\Desktop\sickness_detection\train\sick\2IsgfovbWC4_15_20.wav,sick
C:\Users\srafa\OneDrive\Desktop\sickness_detection\train\sick\2LdVnGpZFw_130_135.wav,sick
C:\Users\srafa\OneDrive\Desktop\sickness_detection\train\sick\2LdVnGpZFw_135_140.wav,sick
C:\Users\srafa\OneDrive\Desktop\sickness_detection\train\sick\2nF7XaPfXvs_12_17.wav,sick
C:\Users\srafa\OneDrive\Desktop\sickness_detection\train\sick\2O0M6je2rEE_5_10.wav,sick
C:\Users\srafa\OneDrive\Desktop\sickness_detection\train\sick\2R3J8pH6E6s_20_25.wav,sick
C:\Users\srafa\OneDrive\Desktop\sickness_detection\train\sick\2sMLoW22TeU_0_5.wav,sick
C:\Users\srafa\OneDrive\Desktop\sickness_detection\train\sick\2t5EhFE2nwE_40_45.wav,sick
C:\Users\srafa\OneDrive\Desktop\sickness_detection\train\sick\2t5EhFE2nwE_45_50.wav,sick
C:\Users\srafa\OneDrive\Desktop\sickness_detection\train\sick\2TBWSnIjJMk_180_185.wav,sick
C:\Users\srafa\OneDrive\Desktop\sickness_detection\train\sick\2U1We_NV7BU_10_15.wav,sick
C:\Users\srafa\OneDrive\Desktop\sickness_detection\train\sick\2VApTcm7Enk_485_490.wav,sick
C:\Users\srafa\OneDrive\Desktop\sickness_detection\train\sick\2vzVWCwOn88_45_50.wav,sick
C:\Users\srafa\OneDrive\Desktop\sickness_detection\train\sick\2WKunXIrw5M_30_35.wav,sick
C:\Users\srafa\OneDrive\Desktop\sickness_detection\train\sick\2XictKgGPnM_0_5.wav,sick
C:\Users\srafa\OneDrive\Desktop\sickness_detection\train\sick\2xURixj6I5k_20_25.wav,sick
C:\Users\srafa\OneDrive\Desktop\sickness_detection\train\sick\2xURixj6I5k_25_30.wav,sick
C:\Users\srafa\OneDrive\Desktop\sickness_detection\train\sick\2YNWDIPrLLo_0_5.wav,sick
C:\Users\srafa\OneDrive\Desktop\sickness_detection\train\sick\2YNWDIPrLLo_5_10.wav,sick
C:\Users\srafa\OneDrive\Desktop\sickness_detection\train\sick\2ZfwEg4JaiU_5_10.wav,sick
C:\Users\srafa\OneDrive\Desktop\sickness_detection\train\sick\2ZxE0uMIfa0_10_15.wav,sick
C:\Users\srafa\OneDrive\Desktop\sickness_detection\train\sick\2ZxE0uMIfa0_15_20.wav,sick
C:\Users\srafa\OneDrive\Desktop\sickness_detection\train\sick\33NSh9cvNvI_55_60.wav,sick
C:\Users\srafa\OneDrive\Desktop\sickness_detection\train\sick\33qkTiRrZcY_180_185.wav,sick
C:\Users\srafa\OneDrive\Desktop\sickness_detection\train\sick\33qkTiRrZcY_185_190.wav,sick
C:\Users\srafa\OneDrive\Desktop\sickness_detection\train\sick\3aFProJmJzY_0_5.wav,sick
C:\Users\srafa\OneDrive\Desktop\sickness_detection\train\sick\3aFProJmJzY_5_10.wav,sick
C:\Users\srafa\OneDrive\Desktop\sickness_detection\train\sick\3bas_0f3RG0_50_55.wav,sick
C:\Users\srafa\OneDrive\Desktop\sickness_detection\train\sick\3dndmOMZlP8_100_105.wav,sick
C:\Users\srafa\OneDrive\Desktop\sickness_detection\train\sick\3edp1qAhLB0_40_45.wav,sick
C:\Users\srafa\OneDrive\Desktop\sickness_detection\train\sick\3Enq7k2IpvQ_20_25.wav,sick
C:\Users\srafa\OneDrive\Desktop\sickness_detection\train\sick\3Enq7k2IpvQ_25_30.wav,sick
C:\Users\srafa\OneDrive\Desktop\sickness_detection\train\sick\3fLGgMB_EI8_10_15.wav,sick
C:\Users\srafa\OneDrive\Desktop\sickness_detection\train\sick\3fz0wek44c_5_10.wav,sick
C:\Users\srafa\OneDrive\Desktop\sickness_detection\train\sick\3gFShyvw8iU_70_75.wav,sick
C:\Users\srafa\OneDrive\Desktop\sickness_detection\train\sick\3gFShyvw8iU_75_80.wav,sick
C:\Users\srafa\OneDrive\Desktop\sickness_detection\train\sick\3gwAXQslyjE_0_5.wav,sick
C:\Users\srafa\OneDrive\Desktop\sickness_detection\train\sick\3gwAXQslyjE_5_10.wav,sick
C:\Users\srafa\OneDrive\Desktop\sickness_detection\train\sick\3id3zRRZBVM_50_55.wav,sick
C:\Users\srafa\OneDrive\Desktop\sickness_detection\train\sick\3id3zRRZBVM_55_60.wav,sick
C:\Users\srafa\OneDrive\Desktop\sickness_detection\train\sick\3iPlzo1gZ9o_160_165.wav,sick
C:\Users\srafa\OneDrive\Desktop\sickness_detection\train\sick\3iPlzo1gZ9o_165_170.wav,sick
C:\Users\srafa\OneDrive\Desktop\sickness_detection\train\sick\3ItHVuKT2k_25_30.wav,sick
C:\Users\srafa\OneDrive\Desktop\sickness_detection\train\sick\3ju9A5iJbo8_30_35.wav,sick
C:\Users\srafa\OneDrive\Desktop\sickness_detection\train\sick\3Liy9uBgsQM_60_65.wav,sick
C:\Users\srafa\OneDrive\Desktop\sickness_detection\train\sick\3Liy9uBgsQM_65_70.wav,sick
C:\Users\srafa\OneDrive\Desktop\sickness_detection\train\sick\3NRA3STV40_20_25.wav,sick
C:\Users\srafa\OneDrive\Desktop\sickness_detection\train\sick\3qvMTGVVcIY_200_205.wav,sick
C:\Users\srafa\OneDrive\Desktop\sickness_detection\train\sick\3sj_6uX3xk_30_35.wav,sick
C:\Users\srafa\OneDrive\Desktop\sickness_detection\train\sick\3sj_6uX3xk_35_40.wav,sick
C:\Users\srafa\OneDrive\Desktop\sickness_detection\train\sick\3SNWqn6g2RY_190_195.wav,sick
C:\Users\srafa\OneDrive\Desktop\sickness_detection\train\sick\3vYB7hZxQgA_10_15.wav,sick
C:\Users\srafa\OneDrive\Desktop\sickness_detection\train\sick\3vYB7hZxQgA_15_20.wav,sick
C:\Users\srafa\OneDrive\Desktop\sickness_detection\train\sick\3WNZSHOVfHU_90_95.wav,sick
C:\Users\srafa\OneDrive\Desktop\sickness_detection\train\sick\3WNZSHOVfHU_95_100.wav,sick
C:\Users\srafa\OneDrive\Desktop\sickness_detection\train\sick\3XJo4kA5mVI_13_18.wav,sick
C:\Users\srafa\OneDrive\Desktop\sickness_detection\train\sick\3XJo4kA5mVI_18_23.wav,sick
C:\Users\srafa\OneDrive\Desktop\sickness_detection\train\sick\3zqBbz_pWmg_30_35.wav,sick
C:\Users\srafa\OneDrive\Desktop\sickness_detection\train\sick\3zqBbz_pWmg_35_40.wav,sick
C:\Users\srafa\OneDrive\Desktop\sickness_detection\train\sick\4aY_7fnm5oA_0_5.wav,sick
C:\Users\srafa\OneDrive\Desktop\sickness_detection\train\sick\4B1PkgXOMI_85_90.wav,sick
C:\Users\srafa\OneDrive\Desktop\sickness_detection\train\sick\4B3nkHcPwjQ_18_23.wav,sick
C:\Users\srafa\OneDrive\Desktop\sickness_detection\train\sick\4B3nkHcPwjQ_23_28.wav,sick
C:\Users\srafa\OneDrive\Desktop\sickness_detection\train\sick\4cq7ZfBmoA_5_10.wav,sick
C:\Users\srafa\OneDrive\Desktop\sickness_detection\train\sick\4D0eP3Cwfbg_15_20.wav,sick
C:\Users\srafa\OneDrive\Desktop\sickness_detection\train\sick\4D7lyuJcwcc_5_10.wav,sick
C:\Users\srafa\OneDrive\Desktop\sickness_detection\train\sick\4eb2LU3X_zs_0_5.wav,sick
C:\Users\srafa\OneDrive\Desktop\sickness_detection\train\sick\4EiskLYtkO4_0_5.wav,sick
C:\Users\srafa\OneDrive\Desktop\sickness_detection\train\sick\4EiskLYtkO4_5_10.wav,sick
C:\Users\srafa\OneDrive\Desktop\sickness_detection\train\sick\4jQ8ffBxWkk_75_80.wav,sick
C:\Users\srafa\OneDrive\Desktop\sickness_detection\train\sick\4jRSJjVafY_50_55.wav,sick
C:\Users\srafa\OneDrive\Desktop\sickness_detection\train\sick\4jRSJjVafY_55_60.wav,sick
C:\Users\srafa\OneDrive\Desktop\sickness_detection\train\sick\4kQGVksBzfw_0_5.wav,sick
C:\Users\srafa\OneDrive\Desktop\sickness_detection\train\sick\4ldID97DoU_20_25.wav,sick
C:\Users\srafa\OneDrive\Desktop\sickness_detection\train\sick\4ldID97DoU_25_30.wav,sick
C:\Users\srafa\OneDrive\Desktop\sickness_detection\train\sick\4LOcUpXMzc_30_35.wav,sick
C:\Users\srafa\OneDrive\Desktop\sickness_detection\train\sick\4lOXjW8rpxU_0_5.wav,sick
C:\Users\srafa\OneDrive\Desktop\sickness_detection\train\sick\4NQwssIImu0_0_5.wav,sick
C:\Users\srafa\OneDrive\Desktop\sickness_detection\train\sick\4NQwssIImu0_5_10.wav,sick
C:\Users\srafa\OneDrive\Desktop\sickness_detection\train\sick\4txOUgXllWE_305_310.wav,sick
C:\Users\srafa\OneDrive\Desktop\sickness_detection\train\sick\4vyk0EIJGWY_0_5.wav,sick
C:\Users\srafa\OneDrive\Desktop\sickness_detection\train\sick\4vyk0EIJGWY_5_10.wav,sick
C:\Users\srafa\OneDrive\Desktop\sickness_detection\train\sick\4wcuDrpl3v0_10_15.wav,sick
C:\Users\srafa\OneDrive\Desktop\sickness_detection\train\sick\4wcuDrpl3v0_15_20.wav,sick
C:\Users\srafa\OneDrive\Desktop\sickness_detection\train\sick\4WLF2CT0eCM_40_45.wav,sick
C:\Users\srafa\OneDrive\Desktop\sickness_detection\train\sick\4WLF2CT0eCM_45_50.wav,sick
C:\Users\srafa\OneDrive\Desktop\sickness_detection\train\sick\4WyFn2L44m0_30_35.wav,sick
C:\Users\srafa\OneDrive\Desktop\sickness_detection\train\sick\4WyFn2L44m0_35_40.wav,sick
C:\Users\srafa\OneDrive\Desktop\sickness_detection\train\sick\4xQcOwfV48Y_40_45.wav,sick
C:\Users\srafa\OneDrive\Desktop\sickness_detection\train\sick\4xQcOwfV48Y_45_50.wav,sick
C:\Users\srafa\OneDrive\Desktop\sickness_detection\train\sick\4yFWcSkby5w_35_40.wav,sick
C:\Users\srafa\OneDrive\Desktop\sickness_detection\train\sick\4ZJrKmDGdA4_145_150.wav,sick
C:\Users\srafa\OneDrive\Desktop\sickness_detection\train\sick\4_0uUL2HPe0_5_10.wav,sick
C:\Users\srafa\OneDrive\Desktop\sickness_detection\train\sick\5dCv5_nvU8_200_205.wav,sick
C:\Users\srafa\OneDrive\Desktop\sickness_detection\train\sick\5dCv5_nvU8_205_210.wav,sick
C:\Users\srafa\OneDrive\Desktop\sickness_detection\train\sick\5dLiCHRdg4_30_35.wav,sick
C:\Users\srafa\OneDrive\Desktop\sickness_detection\train\sick\5EjuyYPWKeE_30_35.wav,sick
C:\Users\srafa\OneDrive\Desktop\sickness_detection\train\sick\5fEmL6Mic_175_180.wav,sick
C:\Users\srafa\OneDrive\Desktop\sickness_detection\train\sick\5hmDPsZnmf4_30_35.wav,sick
C:\Users\srafa\OneDrive\Desktop\sickness_detection\train\sick\5hmDPsZnmf4_35_40.wav,sick
C:\Users\srafa\OneDrive\Desktop\sickness_detection\train\sick\5jznaeFpsJU_0_5.wav,sick
C:\Users\srafa\OneDrive\Desktop\sickness_detection\train\sick\5kAWlNZI_I_30_35.wav,sick
C:\Users\srafa\OneDrive\Desktop\sickness_detection\train\sick\5kldH6pXFSw_0_5.wav,sick
C:\Users\srafa\OneDrive\Desktop\sickness_detection\train\sick\5kldH6pXFSw_5_10.wav,sick
C:\Users\srafa\OneDrive\Desktop\sickness_detection\train\sick\5l9qTa5OAL8_220_225.wav,sick
C:\Users\srafa\OneDrive\Desktop\sickness_detection\train\sick\5l9qTa5OAL8_225_230.wav,sick
C:\Users\srafa\OneDrive\Desktop\sickness_detection\train\sick\5miYwEKNrsQ_50_55.wav,sick
C:\Users\srafa\OneDrive\Desktop\sickness_detection\train\sick\5QBD2P6yCo8_210_215.wav,sick
C:\Users\srafa\OneDrive\Desktop\sickness_detection\train\sick\5r9Ixli8hnc_0_5.wav,sick
C:\Users\srafa\OneDrive\Desktop\sickness_detection\train\sick\5r9Ixli8hnc_5_10.wav,sick
C:\Users\srafa\OneDrive\Desktop\sickness_detection\train\sick\5sc1bi8BSmg_25_30.wav,sick
C:\Users\srafa\OneDrive\Desktop\sickness_detection\train\sick\5vl9c7LF4t4_30_35.wav,sick
C:\Users\srafa\OneDrive\Desktop\sickness_detection\train\sick\5wbc84KnDS0_65_70.wav,sick
C:\Users\srafa\OneDrive\Desktop\sickness_detection\train\sick\5wx88VrmPs0_5_10.wav,sick
C:\Users\srafa\OneDrive\Desktop\sickness_detection\train\sick\5zY_4mScers_15_20.wav,sick
C:\Users\srafa\OneDrive\Desktop\sickness_detection\train\sick\6AMsLkMRNGY_190_195.wav,sick
C:\Users\srafa\OneDrive\Desktop\sickness_detection\train\sick\6gLYUqCk2eM_45_50.wav,sick
C:\Users\srafa\OneDrive\Desktop\sickness_detection\train\sick\6GXEfncDqUg_6_11.wav,sick
C:\Users\srafa\OneDrive\Desktop\sickness_detection\train\sick\6I06VL045gU_60_65.wav,sick
C:\Users\srafa\OneDrive\Desktop\sickness_detection\train\sick\6iz8Jk8Hvwg_240_245.wav,sick
C:\Users\srafa\OneDrive\Desktop\sickness_detection\train\sick\6iz8Jk8Hvwg_245_250.wav,sick
C:\Users\srafa\OneDrive\Desktop\sickness_detection\train\sick\6K_sU6dp0Q_30_35.wav,sick
C:\Users\srafa\OneDrive\Desktop\sickness_detection\train\sick\6K_sU6dp0Q_35_40.wav,sick
C:\Users\srafa\OneDrive\Desktop\sickness_detection\train\sick\6lbkx_tf50g_220_225.wav,sick
C:\Users\srafa\OneDrive\Desktop\sickness_detection\train\sick\6LPdD6Z5Dk8_0_5.wav,sick
C:\Users\srafa\OneDrive\Desktop\sickness_detection\train\sick\6MfLQf7E8iE_0_5.wav,sick
C:\Users\srafa\OneDrive\Desktop\sickness_detection\train\sick\6nTcsNoIGDw_50_55.wav,sick
C:\Users\srafa\OneDrive\Desktop\sickness_detection\train\sick\6OatUcXF4nk_0_5.wav,sick
C:\Users\srafa\OneDrive\Desktop\sickness_detection\train\sick\6OatUcXF4nk_5_10.wav,sick
C:\Users\srafa\OneDrive\Desktop\sickness_detection\train\sick\6PdQjCUzS4_260_265.wav,sick
C:\Users\srafa\OneDrive\Desktop\sickness_detection\train\sick\6PdQjCUzS4_265_270.wav,sick
C:\Users\srafa\OneDrive\Desktop\sickness_detection\train\sick\6pyURnYYMwo_20_25.wav,sick
C:\Users\srafa\OneDrive\Desktop\sickness_detection\train\sick\6pyURnYYMwo_25_30.wav,sick
C:\Users\srafa\OneDrive\Desktop\sickness_detection\train\sick\6qjaQ_yzVE_95_100.wav,sick
C:\Users\srafa\OneDrive\Desktop\sickness_detection\train\sick\6t0W9hVZyaM_35_40.wav,sick
C:\Users\srafa\OneDrive\Desktop\sickness_detection\train\sick\6uARrlkc_a4_30_35.wav,sick
C:\Users\srafa\OneDrive\Desktop\sickness_detection\train\sick\6uW93XzK0Xw_0_5.wav,sick
C:\Users\srafa\OneDrive\Desktop\sickness_detection\train\sick\6uW93XzK0Xw_5_10.wav,sick
C:\Users\srafa\OneDrive\Desktop\sickness_detection\train\sick\6VOGlqLeOzI_30_35.wav,sick
C:\Users\srafa\OneDrive\Desktop\sickness_detection\train\sick\6VOGlqLeOzI_35_40.wav,sick
C:\Users\srafa\OneDrive\Desktop\sickness_detection\train\sick\6xcgbMYelUU_25_30.wav,sick
C:\Users\srafa\OneDrive\Desktop\sickness_detection\train\sick\6_MCgtO1ggE_14_19.wav,sick
C:\Users\srafa\OneDrive\Desktop\sickness_detection\train\sick\6_MCgtO1ggE_9_14.wav,sick
C:\Users\srafa\OneDrive\Desktop\sickness_detection\train\sick\7bykeY3Nxs_6_11.wav,sick
C:\Users\srafa\OneDrive\Desktop\sickness_detection\train\sick\7GBy8CUVUhU_5_10.wav,sick
C:\Users\srafa\OneDrive\Desktop\sickness_detection\train\sick\7hQ7sWi8W0_30_35.wav,sick
C:\Users\srafa\OneDrive\Desktop\sickness_detection\train\sick\7hQ7sWi8W0_35_40.wav,sick
C:\Users\srafa\OneDrive\Desktop\sickness_detection\train\sick\7HyPWtYCrug_80_85.wav,sick
C:\Users\srafa\OneDrive\Desktop\sickness_detection\train\sick\7ItYW0XFo0_5_10.wav,sick
C:\Users\srafa\OneDrive\Desktop\sickness_detection\train\sick\7J9eEukmoIA_10_15.wav,sick
C:\Users\srafa\OneDrive\Desktop\sickness_detection\train\sick\7K2vzvM34gY_60_65.wav,sick
C:\Users\srafa\OneDrive\Desktop\sickness_detection\train\sick\7MnR3o0iAs_120_125.wav,sick
C:\Users\srafa\OneDrive\Desktop\sickness_detection\train\sick\7MozkaLRTn8_35_40.wav,sick
C:\Users\srafa\OneDrive\Desktop\sickness_detection\train\sick\7pqRqXjqeX4_330_335.wav,sick
C:\Users\srafa\OneDrive\Desktop\sickness_detection\train\sick\7pqRqXjqeX4_335_340.wav,sick
C:\Users\srafa\OneDrive\Desktop\sickness_detection\train\sick\7qO5xLxWdZs_2_7.wav,sick
C:\Users\srafa\OneDrive\Desktop\sickness_detection\train\sick\7rsOYTYjzjg_60_65.wav,sick
C:\Users\srafa\OneDrive\Desktop\sickness_detection\train\sick\7rsOYTYjzjg_65_70.wav,sick
C:\Users\srafa\OneDrive\Desktop\sickness_detection\train\sick\7xSTAmKAsFE_120_125.wav,sick
C:\Users\srafa\OneDrive\Desktop\sickness_detection\train\sick\7xSTAmKAsFE_125_130.wav,sick
C:\Users\srafa\OneDrive\Desktop\sickness_detection\train\sick\7Y93xBpK1oI_105_110.wav,sick
C:\Users\srafa\OneDrive\Desktop\sickness_detection\train\sick\7_v8jFFo9SM_50_55.wav,sick
C:\Users\srafa\OneDrive\Desktop\sickness_detection\train\sick\7_v8jFFo9SM_55_60.wav,sick
C:\Users\srafa\OneDrive\Desktop\sickness_detection\train\sick\8B32v_APxZg_95_100.wav,sick
C:\Users\srafa\OneDrive\Desktop\sickness_detection\train\sick\8BMW3dPQb0_5_10.wav,sick
C:\Users\srafa\OneDrive\Desktop\sickness_detection\train\sick\8cM69gMf5g_13_18.wav,sick
C:\Users\srafa\OneDrive\Desktop\sickness_detection\train\sick\8cM69gMf5g_8_13.wav,sick
C:\Users\srafa\OneDrive\Desktop\sickness_detection\train\sick\8Cpu6HuZppw_50_55.wav,sick
C:\Users\srafa\OneDrive\Desktop\sickness_detection\train\sick\8dFMZU3bKo_220_225.wav,sick
C:\Users\srafa\OneDrive\Desktop\sickness_detection\train\sick\8eOuWEGBF7Q_30_35.wav,sick
C:\Users\srafa\OneDrive\Desktop\sickness_detection\train\sick\8eOuWEGBF7Q_35_40.wav,sick
C:\Users\srafa\OneDrive\Desktop\sickness_detection\train\sick\8FEQuq03bgU_40_45.wav,sick
C:\Users\srafa\OneDrive\Desktop\sickness_detection\train\sick\8FEQuq03bgU_45_50.wav,sick
C:\Users\srafa\OneDrive\Desktop\sickness_detection\train\sick\8ieJbzu7ql8_25_30.wav,sick
C:\Users\srafa\OneDrive\Desktop\sickness_detection\train\sick\8IhJllXxBlQ_35_40.wav,sick
C:\Users\srafa\OneDrive\Desktop\sickness_detection\train\sick\8l8ghk2CDbE_190_195.wav,sick
C:\Users\srafa\OneDrive\Desktop\sickness_detection\train\sick\8l8ghk2CDbE_195_200.wav,sick
C:\Users\srafa\OneDrive\Desktop\sickness_detection\train\sick\8LsGAKBC77o_30_35.wav,sick
C:\Users\srafa\OneDrive\Desktop\sickness_detection\train\sick\8LsGAKBC77o_35_40.wav,sick
C:\Users\srafa\OneDrive\Desktop\sickness_detection\train\sick\8N5XxcJ7QOU_20_25.wav,sick
C:\Users\srafa\OneDrive\Desktop\sickness_detection\train\sick\8ozR29u3byg_335_340.wav,sick
C:\Users\srafa\OneDrive\Desktop\sickness_detection\train\sick\8Qd4VM9Ox0_55_60.wav,sick
C:\Users\srafa\OneDrive\Desktop\sickness_detection\train\sick\8QzudUB8SMk_0_5.wav,sick
C:\Users\srafa\OneDrive\Desktop\sickness_detection\train\sick\8SRWgKxebS0_105_110.wav,sick
C:\Users\srafa\OneDrive\Desktop\sickness_detection\train\sick\8UcjWvcJlS8_0_5.wav,sick
C:\Users\srafa\OneDrive\Desktop\sickness_detection\train\sick\8UcjWvcJlS8_5_10.wav,sick
C:\Users\srafa\OneDrive\Desktop\sickness_detection\train\sick\8yDeG7e19I_15_20.wav,sick
C:\Users\srafa\OneDrive\Desktop\sickness_detection\train\sick\8YYeGsOzwQ0_30_35.wav,sick
C:\Users\srafa\OneDrive\Desktop\sickness_detection\train\sick\9BMJsv5cO4_0_5.wav,sick
C:\Users\srafa\OneDrive\Desktop\sickness_detection\train\sick\9CySoIcqhE4_35_40.wav,sick
C:\Users\srafa\OneDrive\Desktop\sickness_detection\train\sick\9FQbcnHQI6Y_70_75.wav,sick
C:\Users\srafa\OneDrive\Desktop\sickness_detection\train\sick\9FQbcnHQI6Y_75_80.wav,sick
C:\Users\srafa\OneDrive\Desktop\sickness_detection\train\sick\9h3a7fN0fc_240_245.wav,sick
C:\Users\srafa\OneDrive\Desktop\sickness_detection\train\sick\9h3a7fN0fc_245_250.wav,sick
C:\Users\srafa\OneDrive\Desktop\sickness_detection\train\sick\9hl4R896W3Y_100_105.wav,sick
C:\Users\srafa\OneDrive\Desktop\sickness_detection\train\sick\9jpjShrNGs_25_30.wav,sick
C:\Users\srafa\OneDrive\Desktop\sickness_detection\train\sick\9jXSdGMjnN8_100_105.wav,sick
C:\Users\srafa\OneDrive\Desktop\sickness_detection\train\sick\9KNqsONT3Y_70_75.wav,sick
C:\Users\srafa\OneDrive\Desktop\sickness_detection\train\sick\9KNqsONT3Y_75_80.wav,sick
C:\Users\srafa\OneDrive\Desktop\sickness_detection\train\sick\9kY53W3S_dE_0_5.wav,sick
C:\Users\srafa\OneDrive\Desktop\sickness_detection\train\sick\9kY53W3S_dE_5_10.wav,sick
C:\Users\srafa\OneDrive\Desktop\sickness_detection\train\sick\9P8waFCqbOQ_90_95.wav,sick
C:\Users\srafa\OneDrive\Desktop\sickness_detection\train\sick\9pX8I7KzQAI_10_15.wav,sick
C:\Users\srafa\OneDrive\Desktop\sickness_detection\train\sick\9Sc6odMfWo0_0_5.wav,sick
C:\Users\srafa\OneDrive\Desktop\sickness_detection\train\sick\9Sc6odMfWo0_5_10.wav,sick
C:\Users\srafa\OneDrive\Desktop\sickness_detection\train\sick\9SwqisZFZr8_30_35.wav,sick
C:\Users\srafa\OneDrive\Desktop\sickness_detection\train\sick\9wQJqF0q4_5_10.wav,sick
C:\Users\srafa\OneDrive\Desktop\sickness_detection\train\sick\9Wwpy5YvSZU_35_40.wav,sick
C:\Users\srafa\OneDrive\Desktop\sickness_detection\train\sick\9xpJWu2rNsY_15_20.wav,sick
C:\Users\srafa\OneDrive\Desktop\sickness_detection\train\sick\9XSE1pdHwSU_0_5.wav,sick
C:\Users\srafa\OneDrive\Desktop\sickness_detection\train\sick\9yAGKsPDM14_85_90.wav,sick
C:\Users\srafa\OneDrive\Desktop\sickness_detection\train\sick\9zeHw1pBZoM_10_15.wav,sick
C:\Users\srafa\OneDrive\Desktop\sickness_detection\train\sick\9Zl4VUruA9I_120_125.wav,sick
C:\Users\srafa\OneDrive\Desktop\sickness_detection\train\sick\9zNC2TiBZAI_100_105.wav,sick
C:\Users\srafa\OneDrive\Desktop\sickness_detection\train\sick\9zNC2TiBZAI_105_110.wav,sick
C:\Users\srafa\OneDrive\Desktop\sickness_detection\train\sick\9Zv9SqTU8_10_15.wav,sick
C:\Users\srafa\OneDrive\Desktop\sickness_detection\train\sick\_0WKVY0n8aE_155_160.wav,sick
C:\Users\srafa\OneDrive\Desktop\sickness_detection\train\sick\_1keOOsT738_30_35.wav,sick
C:\Users\srafa\OneDrive\Desktop\sickness_detection\train\sick\_2YFValJNas_0_5.wav,sick
C:\Users\srafa\OneDrive\Desktop\sickness_detection\train\sick\_3RvCwwIZ4w_10_15.wav,sick
C:\Users\srafa\OneDrive\Desktop\sickness_detection\train\sick\_9M9mky9qb8_0_5.wav,sick
C:\Users\srafa\OneDrive\Desktop\sickness_detection\train\sick\_9YKlnmoDjs_11_16.wav,sick
C:\Users\srafa\OneDrive\Desktop\sickness_detection\train\sick\_AjXY9cHCxA_150_155.wav,sick
C:\Users\srafa\OneDrive\Desktop\sickness_detection\train\sick\_aWgJa6QXc0_130_135.wav,sick
C:\Users\srafa\OneDrive\Desktop\sickness_detection\train\sick\_bRM1wpEEdgI_0_5.wav,sick
C:\Users\srafa\OneDrive\Desktop\sickness_detection\train\sick\_c2UKyeMRGc_280_285.wav,sick
C:\Users\srafa\OneDrive\Desktop\sickness_detection\train\sick\_c2UKyeMRGc_285_290.wav,sick
C:\Users\srafa\OneDrive\Desktop\sickness_detection\train\sick\_D3sxdtbFas_40_45.wav,sick
C:\Users\srafa\OneDrive\Desktop\sickness_detection\train\sick\_D3sxdtbFas_45_50.wav,sick
C:\Users\srafa\OneDrive\Desktop\sickness_detection\train\sick\_D8lLtYxrbs_0_5.wav,sick
C:\Users\srafa\OneDrive\Desktop\sickness_detection\train\sick\_D8lLtYxrbs_5_10.wav,sick
C:\Users\srafa\OneDrive\Desktop\sickness_detection\train\sick\_dfcXBTcmqU_70_75.wav,sick
C:\Users\srafa\OneDrive\Desktop\sickness_detection\train\sick\_e4GZ6p6nCY_25_30.wav,sick
C:\Users\srafa\OneDrive\Desktop\sickness_detection\train\sick\_eFuJQu5wPXM_0_5.wav,sick
C:\Users\srafa\OneDrive\Desktop\sickness_detection\train\sick\_Fj6Jwz6XDs_80_85.wav,sick
C:\Users\srafa\OneDrive\Desktop\sickness_detection\train\sick\_FVreKE6Fj8_50_55.wav,sick
C:\Users\srafa\OneDrive\Desktop\sickness_detection\train\sick\_FVreKE6Fj8_55_60.wav,sick
C:\Users\srafa\OneDrive\Desktop\sickness_detection\train\sick\_Gk7HJmpw4Y_70_75.wav,sick
C:\Users\srafa\OneDrive\Desktop\sickness_detection\train\sick\_Gk7HJmpw4Y_75_80.wav,sick
C:\Users\srafa\OneDrive\Desktop\sickness_detection\train\sick\_HfV9cps5Hk_50_55.wav,sick
C:\Users\srafa\OneDrive\Desktop\sickness_detection\train\sick\_HfV9cps5Hk_55_60.wav,sick
C:\Users\srafa\OneDrive\Desktop\sickness_detection\train\sick\_HLvqHDclW8_210_215.wav,sick
C:\Users\srafa\OneDrive\Desktop\sickness_detection\train\sick\_HLvqHDclW8_215_220.wav,sick
C:\Users\srafa\OneDrive\Desktop\sickness_detection\train\sick\_hptdlGvSV4_10_15.wav,sick
C:\Users\srafa\OneDrive\Desktop\sickness_detection\train\sick\_hptdlGvSV4_15_20.wav,sick
C:\Users\srafa\OneDrive\Desktop\sickness_detection\train\sick\_iLZB3eA2gM_0_5.wav,sick
C:\Users\srafa\OneDrive\Desktop\sickness_detection\train\sick\_kUsYtNWM1A_40_45.wav,sick
C:\Users\srafa\OneDrive\Desktop\sickness_detection\train\sick\_kUsYtNWM1A_45_50.wav,sick
C:\Users\srafa\OneDrive\Desktop\sickness_detection\train\sick\_LDBUwrURgg_0_5.wav,sick
C:\Users\srafa\OneDrive\Desktop\sickness_detection\train\sick\_LLQvb2xAtg_45_50.wav,sick
C:\Users\srafa\OneDrive\Desktop\sickness_detection\train\sick\_MLcWmxLzHk_0_5.wav,sick
C:\Users\srafa\OneDrive\Desktop\sickness_detection\train\sick\_NpU2_AfQL8_0_5.wav,sick
C:\Users\srafa\OneDrive\Desktop\sickness_detection\train\sick\_o5xtnLwtRc_0_5.wav,sick
C:\Users\srafa\OneDrive\Desktop\sickness_detection\train\sick\_o5xtnLwtRc_5_10.wav,sick
C:\Users\srafa\OneDrive\Desktop\sickness_detection\train\sick\_ouSjun1DuXw_0_5.wav,sick
C:\Users\srafa\OneDrive\Desktop\sickness_detection\train\sick\_p2YzwVFuTw4_0_5.wav,sick
C:\Users\srafa\OneDrive\Desktop\sickness_detection\train\sick\_qDSR5skY0c_75_80.wav,sick
C:\Users\srafa\OneDrive\Desktop\sickness_detection\train\sick\_TXc9Qitpk_40_45.wav,sick
C:\Users\srafa\OneDrive\Desktop\sickness_detection\train\sick\_TXc9Qitpk_45_50.wav,sick
C:\Users\srafa\OneDrive\Desktop\sickness_detection\train\sick\_TzZ0zRRaV0_8_13.wav,sick
C:\Users\srafa\OneDrive\Desktop\sickness_detection\train\sick\_vw2tuYuWUU_175_180.wav,sick
C:\Users\srafa\OneDrive\Desktop\sickness_detection\train\sick\_Whw1v0fFkoI_0_5.wav,sick
C:\Users\srafa\OneDrive\Desktop\sickness_detection\train\sick\_xM6pgvR2AA_155_160.wav,sick
C:\Users\srafa\OneDrive\Desktop\sickness_detection\train\sick\_YqaeNeVQbw_25_30.wav,sick
C:\Users\srafa\OneDrive\Desktop\sickness_detection\train\sick\_ZhxILYf0TZ4_0_5.wav,sick
C:\Users\srafa\OneDrive\Desktop\sickness_detection\train\sick\_zrAnhgYzSo_15_20.wav,sick
C:\Users\srafa\OneDrive\Desktop\sickness_detection\train\not_sick\02Sa2hBL_48_25_30.wav,not_sick
C:\Users\srafa\OneDrive\Desktop\sickness_detection\train\not_sick\03l610T5nfY_405_410.wav,not_sick
C:\Users\srafa\OneDrive\Desktop\sickness_detection\train\not_sick\05FErJX7xOU_65_70.wav,not_sick
C:\Users\srafa\OneDrive\Desktop\sickness_detection\train\not_sick\05YBpmCnoOQ_50_55.wav,not_sick
C:\Users\srafa\OneDrive\Desktop\sickness_detection\train\not_sick\06YwLqlR1Jc_60_65.wav,not_sick
C:\Users\srafa\OneDrive\Desktop\sickness_detection\train\not_sick\08Ht8OvuII_35_40.wav,not_sick
C:\Users\srafa\OneDrive\Desktop\sickness_detection\train\not_sick\0AWF9zOT8YY_155_160.wav,not_sick
C:\Users\srafa\OneDrive\Desktop\sickness_detection\train\not_sick\0D3I6ZS2Im0_5_10.wav,not_sick
C:\Users\srafa\OneDrive\Desktop\sickness_detection\train\not_sick\0Dh4NhF27jc_145_150.wav,not_sick
C:\Users\srafa\OneDrive\Desktop\sickness_detection\train\not_sick\0EaxcUhZWe8_40_45.wav,not_sick
C:\Users\srafa\OneDrive\Desktop\sickness_detection\train\not_sick\0EaxcUhZWe8_45_50.wav,not_sick
C:\Users\srafa\OneDrive\Desktop\sickness_detection\train\not_sick\0ey3c39Vll8_80_85.wav,not_sick
C:\Users\srafa\OneDrive\Desktop\sickness_detection\train\not_sick\0ey3c39Vll8_85_90.wav,not_sick
C:\Users\srafa\OneDrive\Desktop\sickness_detection\train\not_sick\0hHCTS_wSMg_45_50.wav,not_sick
C:\Users\srafa\OneDrive\Desktop\sickness_detection\train\not_sick\0iiwZ2_9Vi8_90_95.wav,not_sick
C:\Users\srafa\OneDrive\Desktop\sickness_detection\train\not_sick\0j9qI0sYEUE_115_120.wav,not_sick
C:\Users\srafa\OneDrive\Desktop\sickness_detection\train\not_sick\0k6KjLouAHs_30_35.wav,not_sick
C:\Users\srafa\OneDrive\Desktop\sickness_detection\train\not_sick\0L3B0h26pPE_25_30.wav,not_sick
C:\Users\srafa\OneDrive\Desktop\sickness_detection\train\not_sick\0lKLzK9c5cM_18_23.wav,not_sick
C:\Users\srafa\OneDrive\Desktop\sickness_detection\train\not_sick\0mZQ6QviPw_15_20.wav,not_sick
C:\Users\srafa\OneDrive\Desktop\sickness_detection\train\not_sick\0OLpIiSBlfc_60_65.wav,not_sick
C:\Users\srafa\OneDrive\Desktop\sickness_detection\train\not_sick\0OLpIiSBlfc_65_70.wav,not_sick
C:\Users\srafa\OneDrive\Desktop\sickness_detection\train\not_sick\0oUkEze_kmo_35_40.wav,not_sick
C:\Users\srafa\OneDrive\Desktop\sickness_detection\train\not_sick\0p1GeiDB1e4_170_175.wav,not_sick
C:\Users\srafa\OneDrive\Desktop\sickness_detection\train\not_sick\0q318QSI80U_8_13.wav,not_sick
C:\Users\srafa\OneDrive\Desktop\sickness_detection\train\not_sick\0qCvekeAHkc_210_215.wav,not_sick
C:\Users\srafa\OneDrive\Desktop\sickness_detection\train\not_sick\0QOYirw4e3I_270_275.wav,not_sick
C:\Users\srafa\OneDrive\Desktop\sickness_detection\train\not_sick\0QOYirw4e3I_275_280.wav,not_sick
C:\Users\srafa\OneDrive\Desktop\sickness_detection\train\not_sick\0qUXJz4HH_E_10_15.wav,not_sick
C:\Users\srafa\OneDrive\Desktop\sickness_detection\train\not_sick\0qUXJz4HH_E_15_20.wav,not_sick
C:\Users\srafa\OneDrive\Desktop\sickness_detection\train\not_sick\0RHanEAYBlg_60_65.wav,not_sick
C:\Users\srafa\OneDrive\Desktop\sickness_detection\train\not_sick\0RHanEAYBlg_65_70.wav,not_sick
C:\Users\srafa\OneDrive\Desktop\sickness_detection\train\not_sick\0tiaNDitiOY_30_35.wav,not_sick
C:\Users\srafa\OneDrive\Desktop\sickness_detection\train\not_sick\0uEZjp0UE0E_180_185.wav,not_sick
C:\Users\srafa\OneDrive\Desktop\sickness_detection\train\not_sick\0uEZjp0UE0E_185_190.wav,not_sick
C:\Users\srafa\OneDrive\Desktop\sickness_detection\train\not_sick\0UKv333EMPM_230_235.wav,not_sick
C:\Users\srafa\OneDrive\Desktop\sickness_detection\train\not_sick\0VaWzVLOWvE_120_125.wav,not_sick
C:\Users\srafa\OneDrive\Desktop\sickness_detection\train\not_sick\0WPDmbAui6k_0_5.wav,not_sick
C:\Users\srafa\OneDrive\Desktop\sickness_detection\train\not_sick\0XYmlQjyRbw_255_260.wav,not_sick
C:\Users\srafa\OneDrive\Desktop\sickness_detection\train\not_sick\0Y2yEMQZFYY_40_45.wav,not_sick
C:\Users\srafa\OneDrive\Desktop\sickness_detection\train\not_sick\0Y2yEMQZFYY_45_50.wav,not_sick
C:\Users\srafa\OneDrive\Desktop\sickness_detection\train\not_sick\0ZPTqp1E3J4_16_21.wav,not_sick
C:\Users\srafa\OneDrive\Desktop\sickness_detection\train\not_sick\0Zy7XmVng_E_0_5.wav,not_sick
C:\Users\srafa\OneDrive\Desktop\sickness_detection\train\not_sick\0Zy7XmVng_E_5_10.wav,not_sick
C:\Users\srafa\OneDrive\Desktop\sickness_detection\train\not_sick\0_ZF9vT5Bs_15_20.wav,not_sick
C:\Users\srafa\OneDrive\Desktop\sickness_detection\train\not_sick\10Wz3WLOowg_80_85.wav,not_sick
C:\Users\srafa\OneDrive\Desktop\sickness_detection\train\not_sick\12YUCpABE9Q_5_10.wav,not_sick
C:\Users\srafa\OneDrive\Desktop\sickness_detection\train\not_sick\14qoR5Veog_35_40.wav,not_sick
C:\Users\srafa\OneDrive\Desktop\sickness_detection\train\not_sick\14XSF2FAJSY_35_40.wav,not_sick
C:\Users\srafa\OneDrive\Desktop\sickness_detection\train\not_sick\15q4pZLAEtg_100_105.wav,not_sick
C:\Users\srafa\OneDrive\Desktop\sickness_detection\train\not_sick\16r5GrlkEDk_90_95.wav,not_sick
C:\Users\srafa\OneDrive\Desktop\sickness_detection\train\not_sick\1AUgCjxjt8_80_85.wav,not_sick
C:\Users\srafa\OneDrive\Desktop\sickness_detection\train\not_sick\1AUgCjxjt8_85_90.wav,not_sick
C:\Users\srafa\OneDrive\Desktop\sickness_detection\train\not_sick\1CXtcjUkFM_30_35.wav,not_sick
C:\Users\srafa\OneDrive\Desktop\sickness_detection\train\not_sick\1eBrdIZbNJg_35_40.wav,not_sick
C:\Users\srafa\OneDrive\Desktop\sickness_detection\train\not_sick\1EiNSiO0UvU_0_5.wav,not_sick
C:\Users\srafa\OneDrive\Desktop\sickness_detection\train\not_sick\1GwY2n4HIM0_75_80.wav,not_sick
C:\Users\srafa\OneDrive\Desktop\sickness_detection\train\not_sick\1iRg77XGa4_30_35.wav,not_sick
C:\Users\srafa\OneDrive\Desktop\sickness_detection\train\not_sick\1JxnLOOUHaw_220_225.wav,not_sick
C:\Users\srafa\OneDrive\Desktop\sickness_detection\train\not_sick\1mcylIPVwCk_30_35.wav,not_sick
C:\Users\srafa\OneDrive\Desktop\sickness_detection\train\not_sick\1MSYO4wgiag_125_130.wav,not_sick
C:\Users\srafa\OneDrive\Desktop\sickness_detection\train\not_sick\1nGKDBEh3rs_70_75.wav,not_sick
C:\Users\srafa\OneDrive\Desktop\sickness_detection\train\not_sick\1nGKDBEh3rs_75_80.wav,not_sick
C:\Users\srafa\OneDrive\Desktop\sickness_detection\train\not_sick\1Np_QsrCsjk_30_35.wav,not_sick
C:\Users\srafa\OneDrive\Desktop\sickness_detection\train\not_sick\1Np_QsrCsjk_35_40.wav,not_sick
C:\Users\srafa\OneDrive\Desktop\sickness_detection\train\not_sick\1OCyUeuv2Q_40_45.wav,not_sick
C:\Users\srafa\OneDrive\Desktop\sickness_detection\train\not_sick\1U8Y6VifIM_50_55.wav,not_sick
C:\Users\srafa\OneDrive\Desktop\sickness_detection\train\not_sick\1V1gL3SbuLI_400_405.wav,not_sick
C:\Users\srafa\OneDrive\Desktop\sickness_detection\train\not_sick\1V1gL3SbuLI_405_410.wav,not_sick
C:\Users\srafa\OneDrive\Desktop\sickness_detection\train\not_sick\1WZv0QnsEsw_15_20.wav,not_sick
C:\Users\srafa\OneDrive\Desktop\sickness_detection\train\not_sick\21_SXelVNo_30_35.wav,not_sick
C:\Users\srafa\OneDrive\Desktop\sickness_detection\train\not_sick\21_SXelVNo_35_40.wav,not_sick
C:\Users\srafa\OneDrive\Desktop\sickness_detection\train\not_sick\2a0ZcVUlce0_80_85.wav,not_sick
C:\Users\srafa\OneDrive\Desktop\sickness_detection\train\not_sick\2A7xNU3TtbA_0_5.wav,not_sick
C:\Users\srafa\OneDrive\Desktop\sickness_detection\train\not_sick\2A7xNU3TtbA_5_10.wav,not_sick
C:\Users\srafa\OneDrive\Desktop\sickness_detection\train\not_sick\2BxY32GiQt8_425_430.wav,not_sick
C:\Users\srafa\OneDrive\Desktop\sickness_detection\train\not_sick\2B_QV_5R4Zo_15_20.wav,not_sick
C:\Users\srafa\OneDrive\Desktop\sickness_detection\train\not_sick\2EFjQPMmAS8_0_5.wav,not_sick
C:\Users\srafa\OneDrive\Desktop\sickness_detection\train\not_sick\2Ez4R0a1icc_40_45.wav,not_sick
C:\Users\srafa\OneDrive\Desktop\sickness_detection\train\not_sick\2hbytlgqDx4_140_145.wav,not_sick
C:\Users\srafa\OneDrive\Desktop\sickness_detection\train\not_sick\2IsgfovbWC4_10_15.wav,not_sick
C:\Users\srafa\OneDrive\Desktop\sickness_detection\train\not_sick\2nF7XaPfXvs_17_22.wav,not_sick
C:\Users\srafa\OneDrive\Desktop\sickness_detection\train\not_sick\2n_EYeAf0Es_180_185.wav,not_sick
C:\Users\srafa\OneDrive\Desktop\sickness_detection\train\not_sick\2n_EYeAf0Es_185_190.wav,not_sick
C:\Users\srafa\OneDrive\Desktop\sickness_detection\train\not_sick\2O0M6je2rEE_0_5.wav,not_sick
C:\Users\srafa\OneDrive\Desktop\sickness_detection\train\not_sick\2PXcJCAVf38_30_35.wav,not_sick
C:\Users\srafa\OneDrive\Desktop\sickness_detection\train\not_sick\2PXcJCAVf38_35_40.wav,not_sick
C:\Users\srafa\OneDrive\Desktop\sickness_detection\train\not_sick\2Q70W3iafb0_0_5.wav,not_sick
C:\Users\srafa\OneDrive\Desktop\sickness_detection\train\not_sick\2Q70W3iafb0_5_10.wav,not_sick
C:\Users\srafa\OneDrive\Desktop\sickness_detection\train\not_sick\2R3J8pH6E6s_25_30.wav,not_sick
C:\Users\srafa\OneDrive\Desktop\sickness_detection\train\not_sick\2sGbIOzBCGA_20_25.wav,not_sick
C:\Users\srafa\OneDrive\Desktop\sickness_detection\train\not_sick\2sMLoW22TeU_5_10.wav,not_sick
C:\Users\srafa\OneDrive\Desktop\sickness_detection\train\not_sick\2TBWSnIjJMk_185_190.wav,not_sick
C:\Users\srafa\OneDrive\Desktop\sickness_detection\train\not_sick\2tgV8Eaz9U_370_375.wav,not_sick
C:\Users\srafa\OneDrive\Desktop\sickness_detection\train\not_sick\2tgV8Eaz9U_375_380.wav,not_sick
C:\Users\srafa\OneDrive\Desktop\sickness_detection\train\not_sick\2U1We_NV7BU_15_20.wav,not_sick
C:\Users\srafa\OneDrive\Desktop\sickness_detection\train\not_sick\2VApTcm7Enk_480_485.wav,not_sick
C:\Users\srafa\OneDrive\Desktop\sickness_detection\train\not_sick\2vzVWCwOn88_40_45.wav,not_sick
C:\Users\srafa\OneDrive\Desktop\sickness_detection\train\not_sick\2WKunXIrw5M_35_40.wav,not_sick
C:\Users\srafa\OneDrive\Desktop\sickness_detection\train\not_sick\2ZfwEg4JaiU_0_5.wav,not_sick
C:\Users\srafa\OneDrive\Desktop\sickness_detection\train\not_sick\31tnXPlhA7w_30_35.wav,not_sick
C:\Users\srafa\OneDrive\Desktop\sickness_detection\train\not_sick\31tnXPlhA7w_35_40.wav,not_sick
C:\Users\srafa\OneDrive\Desktop\sickness_detection\train\not_sick\33NSh9cvNvI_50_55.wav,not_sick
C:\Users\srafa\OneDrive\Desktop\sickness_detection\train\not_sick\39IZIbmQPzA_40_45.wav,not_sick
C:\Users\srafa\OneDrive\Desktop\sickness_detection\train\not_sick\39IZIbmQPzA_45_50.wav,not_sick
C:\Users\srafa\OneDrive\Desktop\sickness_detection\train\not_sick\3bas_0f3RG0_55_60.wav,not_sick
C:\Users\srafa\OneDrive\Desktop\sickness_detection\train\not_sick\3dndmOMZlP8_105_110.wav,not_sick
C:\Users\srafa\OneDrive\Desktop\sickness_detection\train\not_sick\3edp1qAhLB0_45_50.wav,not_sick
C:\Users\srafa\OneDrive\Desktop\sickness_detection\train\not_sick\3fLGgMB_EI8_15_20.wav,not_sick
C:\Users\srafa\OneDrive\Desktop\sickness_detection\train\not_sick\3fz0wek44c_0_5.wav,not_sick
C:\Users\srafa\OneDrive\Desktop\sickness_detection\train\not_sick\3fzEd7OUSPw_90_95.wav,not_sick
C:\Users\srafa\OneDrive\Desktop\sickness_detection\train\not_sick\3fzEd7OUSPw_95_100.wav,not_sick
C:\Users\srafa\OneDrive\Desktop\sickness_detection\train\not_sick\3IEwwlZE3fQ_580_585.wav,not_sick
C:\Users\srafa\OneDrive\Desktop\sickness_detection\train\not_sick\3IEwwlZE3fQ_585_590.wav,not_sick
C:\Users\srafa\OneDrive\Desktop\sickness_detection\train\not_sick\3ItHVuKT2k_20_25.wav,not_sick
C:\Users\srafa\OneDrive\Desktop\sickness_detection\train\not_sick\3ju9A5iJbo8_35_40.wav,not_sick
C:\Users\srafa\OneDrive\Desktop\sickness_detection\train\not_sick\3lasyHceYLo_28_33.wav,not_sick
C:\Users\srafa\OneDrive\Desktop\sickness_detection\train\not_sick\3lasyHceYLo_33_38.wav,not_sick
C:\Users\srafa\OneDrive\Desktop\sickness_detection\train\not_sick\3mx_t956_6s_10_15.wav,not_sick
C:\Users\srafa\OneDrive\Desktop\sickness_detection\train\not_sick\3mx_t956_6s_5_10.wav,not_sick
C:\Users\srafa\OneDrive\Desktop\sickness_detection\train\not_sick\3NRA3STV40_25_30.wav,not_sick
C:\Users\srafa\OneDrive\Desktop\sickness_detection\train\not_sick\3qvMTGVVcIY_205_210.wav,not_sick
C:\Users\srafa\OneDrive\Desktop\sickness_detection\train\not_sick\3SNWqn6g2RY_195_200.wav,not_sick
C:\Users\srafa\OneDrive\Desktop\sickness_detection\train\not_sick\3x70QeKwwQ8_0_5.wav,not_sick
C:\Users\srafa\OneDrive\Desktop\sickness_detection\train\not_sick\3x70QeKwwQ8_5_10.wav,not_sick
C:\Users\srafa\OneDrive\Desktop\sickness_detection\train\not_sick\3ZKCn4nJ144_0_5.wav,not_sick
C:\Users\srafa\OneDrive\Desktop\sickness_detection\train\not_sick\3ZKCn4nJ144_5_10.wav,not_sick
C:\Users\srafa\OneDrive\Desktop\sickness_detection\train\not_sick\40fIOkLK3j4_60_65.wav,not_sick
C:\Users\srafa\OneDrive\Desktop\sickness_detection\train\not_sick\44nJyshuBYk_20_25.wav,not_sick
C:\Users\srafa\OneDrive\Desktop\sickness_detection\train\not_sick\47D5SmqUOZY_105_110.wav,not_sick
C:\Users\srafa\OneDrive\Desktop\sickness_detection\train\not_sick\47IfSoWzeRw_30_35.wav,not_sick
C:\Users\srafa\OneDrive\Desktop\sickness_detection\train\not_sick\4aY_7fnm5oA_5_10.wav,not_sick
C:\Users\srafa\OneDrive\Desktop\sickness_detection\train\not_sick\4B1PkgXOMI_80_85.wav,not_sick
C:\Users\srafa\OneDrive\Desktop\sickness_detection\train\not_sick\4cq7ZfBmoA_0_5.wav,not_sick
C:\Users\srafa\OneDrive\Desktop\sickness_detection\train\not_sick\4D0eP3Cwfbg_10_15.wav,not_sick
C:\Users\srafa\OneDrive\Desktop\sickness_detection\train\not_sick\4D7lyuJcwcc_0_5.wav,not_sick
C:\Users\srafa\OneDrive\Desktop\sickness_detection\train\not_sick\4eb2LU3X_zs_5_10.wav,not_sick
C:\Users\srafa\OneDrive\Desktop\sickness_detection\train\not_sick\4jQ8ffBxWkk_70_75.wav,not_sick
C:\Users\srafa\OneDrive\Desktop\sickness_detection\train\not_sick\4K6GbEsq0xk_20_25.wav,not_sick
C:\Users\srafa\OneDrive\Desktop\sickness_detection\train\not_sick\4K6GbEsq0xk_25_30.wav,not_sick
C:\Users\srafa\OneDrive\Desktop\sickness_detection\train\not_sick\4K7j41NMsoI_10_15.wav,not_sick
C:\Users\srafa\OneDrive\Desktop\sickness_detection\train\not_sick\4K7j41NMsoI_15_20.wav,not_sick
C:\Users\srafa\OneDrive\Desktop\sickness_detection\train\not_sick\4K946lkrL9U_30_35.wav,not_sick
C:\Users\srafa\OneDrive\Desktop\sickness_detection\train\not_sick\4KpwXsjUJ7g_20_25.wav,not_sick
C:\Users\srafa\OneDrive\Desktop\sickness_detection\train\not_sick\4KpwXsjUJ7g_25_30.wav,not_sick
C:\Users\srafa\OneDrive\Desktop\sickness_detection\train\not_sick\4kQGVksBzfw_5_10.wav,not_sick
C:\Users\srafa\OneDrive\Desktop\sickness_detection\train\not_sick\4LOcUpXMzc_35_40.wav,not_sick
C:\Users\srafa\OneDrive\Desktop\sickness_detection\train\not_sick\4lOXjW8rpxU_5_10.wav,not_sick
C:\Users\srafa\OneDrive\Desktop\sickness_detection\train\not_sick\4txOUgXllWE_300_305.wav,not_sick
C:\Users\srafa\OneDrive\Desktop\sickness_detection\train\not_sick\4WkuPkkSCG0_100_105.wav,not_sick
C:\Users\srafa\OneDrive\Desktop\sickness_detection\train\not_sick\4yFWcSkby5w_30_35.wav,not_sick
C:\Users\srafa\OneDrive\Desktop\sickness_detection\train\not_sick\4yx_l1QFrzw_280_285.wav,not_sick
C:\Users\srafa\OneDrive\Desktop\sickness_detection\train\not_sick\4yx_l1QFrzw_285_290.wav,not_sick
C:\Users\srafa\OneDrive\Desktop\sickness_detection\train\not_sick\4ZJrKmDGdA4_140_145.wav,not_sick
C:\Users\srafa\OneDrive\Desktop\sickness_detection\train\not_sick\4_0uUL2HPe0_0_5.wav,not_sick
C:\Users\srafa\OneDrive\Desktop\sickness_detection\train\not_sick\53YZHGaDdFI_50_55.wav,not_sick
C:\Users\srafa\OneDrive\Desktop\sickness_detection\train\not_sick\53YZHGaDdFI_55_60.wav,not_sick
C:\Users\srafa\OneDrive\Desktop\sickness_detection\train\not_sick\54LSA7aZTBA_0_5.wav,not_sick
C:\Users\srafa\OneDrive\Desktop\sickness_detection\train\not_sick\56fOJ4kJuQE_80_85.wav,not_sick
C:\Users\srafa\OneDrive\Desktop\sickness_detection\train\not_sick\57ayezabARg_370_375.wav,not_sick
C:\Users\srafa\OneDrive\Desktop\sickness_detection\train\not_sick\57ayezabARg_375_380.wav,not_sick
C:\Users\srafa\OneDrive\Desktop\sickness_detection\train\not_sick\5905FxXz9dI_35_40.wav,not_sick
C:\Users\srafa\OneDrive\Desktop\sickness_detection\train\not_sick\5CCAZ8BEec_80_85.wav,not_sick
C:\Users\srafa\OneDrive\Desktop\sickness_detection\train\not_sick\5CCAZ8BEec_85_90.wav,not_sick
C:\Users\srafa\OneDrive\Desktop\sickness_detection\train\not_sick\5dLiCHRdg4_35_40.wav,not_sick
C:\Users\srafa\OneDrive\Desktop\sickness_detection\train\not_sick\5EjuyYPWKeE_35_40.wav,not_sick
C:\Users\srafa\OneDrive\Desktop\sickness_detection\train\not_sick\5fEmL6Mic_170_175.wav,not_sick
C:\Users\srafa\OneDrive\Desktop\sickness_detection\train\not_sick\5j1mxeahBRQ_210_215.wav,not_sick
C:\Users\srafa\OneDrive\Desktop\sickness_detection\train\not_sick\5j1mxeahBRQ_215_220.wav,not_sick
C:\Users\srafa\OneDrive\Desktop\sickness_detection\train\not_sick\5jznaeFpsJU_5_10.wav,not_sick
C:\Users\srafa\OneDrive\Desktop\sickness_detection\train\not_sick\5kAWlNZI_I_35_40.wav,not_sick
C:\Users\srafa\OneDrive\Desktop\sickness_detection\train\not_sick\5nx9xUVXASM_220_225.wav,not_sick
C:\Users\srafa\OneDrive\Desktop\sickness_detection\train\not_sick\5nx9xUVXASM_225_230.wav,not_sick
C:\Users\srafa\OneDrive\Desktop\sickness_detection\train\not_sick\5QBD2P6yCo8_215_220.wav,not_sick
C:\Users\srafa\OneDrive\Desktop\sickness_detection\train\not_sick\5RFSFyp2W2k_230_235.wav,not_sick
C:\Users\srafa\OneDrive\Desktop\sickness_detection\train\not_sick\5RFSFyp2W2k_235_240.wav,not_sick
C:\Users\srafa\OneDrive\Desktop\sickness_detection\train\not_sick\5rpxmjeFtgE_30_35.wav,not_sick
C:\Users\srafa\OneDrive\Desktop\sickness_detection\train\not_sick\5rpxmjeFtgE_35_40.wav,not_sick
C:\Users\srafa\OneDrive\Desktop\sickness_detection\train\not_sick\5rSpIXAOjgk_50_55.wav,not_sick
C:\Users\srafa\OneDrive\Desktop\sickness_detection\train\not_sick\5rSpIXAOjgk_55_60.wav,not_sick
C:\Users\srafa\OneDrive\Desktop\sickness_detection\train\not_sick\5sc1bi8BSmg_20_25.wav,not_sick
C:\Users\srafa\OneDrive\Desktop\sickness_detection\train\not_sick\5SHqSzM75u8_55_60.wav,not_sick
C:\Users\srafa\OneDrive\Desktop\sickness_detection\train\not_sick\5sppEjj4C40_15_20.wav,not_sick
C:\Users\srafa\OneDrive\Desktop\sickness_detection\train\not_sick\5uwrCy_eG9Q_180_185.wav,not_sick
C:\Users\srafa\OneDrive\Desktop\sickness_detection\train\not_sick\5uwrCy_eG9Q_185_190.wav,not_sick
C:\Users\srafa\OneDrive\Desktop\sickness_detection\train\not_sick\5vl9c7LF4t4_35_40.wav,not_sick
C:\Users\srafa\OneDrive\Desktop\sickness_detection\train\not_sick\5wbc84KnDS0_60_65.wav,not_sick
C:\Users\srafa\OneDrive\Desktop\sickness_detection\train\not_sick\5wwFFsLuRcQ_190_195.wav,not_sick
C:\Users\srafa\OneDrive\Desktop\sickness_detection\train\not_sick\5wwFFsLuRcQ_195_200.wav,not_sick
C:\Users\srafa\OneDrive\Desktop\sickness_detection\train\not_sick\5zYoC56oc90_0_5.wav,not_sick
C:\Users\srafa\OneDrive\Desktop\sickness_detection\train\not_sick\5zYoC56oc90_5_10.wav,not_sick
C:\Users\srafa\OneDrive\Desktop\sickness_detection\train\not_sick\5zY_4mScers_10_15.wav,not_sick
C:\Users\srafa\OneDrive\Desktop\sickness_detection\train\not_sick\5_DzTpw9Kec_5_10.wav,not_sick
C:\Users\srafa\OneDrive\Desktop\sickness_detection\train\not_sick\67qsV5HmU88_9_14.wav,not_sick
C:\Users\srafa\OneDrive\Desktop\sickness_detection\train\not_sick\6AMsLkMRNGY_195_200.wav,not_sick
C:\Users\srafa\OneDrive\Desktop\sickness_detection\train\not_sick\6gLYUqCk2eM_40_45.wav,not_sick
C:\Users\srafa\OneDrive\Desktop\sickness_detection\train\not_sick\6GMAVpfbGmM_60_65.wav,not_sick
C:\Users\srafa\OneDrive\Desktop\sickness_detection\train\not_sick\6GMAVpfbGmM_65_70.wav,not_sick
C:\Users\srafa\OneDrive\Desktop\sickness_detection\train\not_sick\6GXEfncDqUg_11_16.wav,not_sick
C:\Users\srafa\OneDrive\Desktop\sickness_detection\train\not_sick\6I06VL045gU_65_70.wav,not_sick
C:\Users\srafa\OneDrive\Desktop\sickness_detection\train\not_sick\6J0Emf3BQ8k_40_45.wav,not_sick
C:\Users\srafa\OneDrive\Desktop\sickness_detection\train\not_sick\6J0Emf3BQ8k_45_50.wav,not_sick
C:\Users\srafa\OneDrive\Desktop\sickness_detection\train\not_sick\6J9XeiKqzw0_18_23.wav,not_sick
C:\Users\srafa\OneDrive\Desktop\sickness_detection\train\not_sick\6J9XeiKqzw0_23_28.wav,not_sick
C:\Users\srafa\OneDrive\Desktop\sickness_detection\train\not_sick\6kUtpAr79xU_60_65.wav,not_sick
C:\Users\srafa\OneDrive\Desktop\sickness_detection\train\not_sick\6kUtpAr79xU_65_70.wav,not_sick
C:\Users\srafa\OneDrive\Desktop\sickness_detection\train\not_sick\6l52kPskdRI_355_360.wav,not_sick
C:\Users\srafa\OneDrive\Desktop\sickness_detection\train\not_sick\6lbkx_tf50g_225_230.wav,not_sick
C:\Users\srafa\OneDrive\Desktop\sickness_detection\train\not_sick\6nTcsNoIGDw_55_60.wav,not_sick
C:\Users\srafa\OneDrive\Desktop\sickness_detection\train\not_sick\6NV9px4VYrE_20_25.wav,not_sick
C:\Users\srafa\OneDrive\Desktop\sickness_detection\train\not_sick\6t0W9hVZyaM_30_35.wav,not_sick
C:\Users\srafa\OneDrive\Desktop\sickness_detection\train\not_sick\6xcgbMYelUU_20_25.wav,not_sick
C:\Users\srafa\OneDrive\Desktop\sickness_detection\train\not_sick\6yYCjyanVY_20_25.wav,not_sick
C:\Users\srafa\OneDrive\Desktop\sickness_detection\train\not_sick\6yYCjyanVY_25_30.wav,not_sick
C:\Users\srafa\OneDrive\Desktop\sickness_detection\train\not_sick\6Z7IOl3vBqc_40_45.wav,not_sick
C:\Users\srafa\OneDrive\Desktop\sickness_detection\train\not_sick\707CXFQe114_5_10.wav,not_sick
C:\Users\srafa\OneDrive\Desktop\sickness_detection\train\not_sick\7bykeY3Nxs_11_16.wav,not_sick
C:\Users\srafa\OneDrive\Desktop\sickness_detection\train\not_sick\7fjp0mDsxSs_90_95.wav,not_sick
C:\Users\srafa\OneDrive\Desktop\sickness_detection\train\not_sick\7fjp0mDsxSs_95_100.wav,not_sick
C:\Users\srafa\OneDrive\Desktop\sickness_detection\train\not_sick\7HyPWtYCrug_85_90.wav,not_sick
C:\Users\srafa\OneDrive\Desktop\sickness_detection\train\not_sick\7ILhdqzBgI_20_25.wav,not_sick
C:\Users\srafa\OneDrive\Desktop\sickness_detection\train\not_sick\7ILhdqzBgI_25_30.wav,not_sick
C:\Users\srafa\OneDrive\Desktop\sickness_detection\train\not_sick\7IMXwGU4Ja0_40_45.wav,not_sick
C:\Users\srafa\OneDrive\Desktop\sickness_detection\train\not_sick\7IMXwGU4Ja0_45_50.wav,not_sick
C:\Users\srafa\OneDrive\Desktop\sickness_detection\train\not_sick\7ItYW0XFo0_0_5.wav,not_sick
C:\Users\srafa\OneDrive\Desktop\sickness_detection\train\not_sick\7J9eEukmoIA_15_20.wav,not_sick
C:\Users\srafa\OneDrive\Desktop\sickness_detection\train\not_sick\7K2vzvM34gY_65_70.wav,not_sick
C:\Users\srafa\OneDrive\Desktop\sickness_detection\train\not_sick\7mKzapvftn8_10_15.wav,not_sick
C:\Users\srafa\OneDrive\Desktop\sickness_detection\train\not_sick\7mKzapvftn8_15_20.wav,not_sick
C:\Users\srafa\OneDrive\Desktop\sickness_detection\train\not_sick\7MozkaLRTn8_30_35.wav,not_sick
C:\Users\srafa\OneDrive\Desktop\sickness_detection\train\not_sick\7N6zPMf6XHY_15_20.wav,not_sick
C:\Users\srafa\OneDrive\Desktop\sickness_detection\train\not_sick\7N6zPMf6XHY_20_25.wav,not_sick
C:\Users\srafa\OneDrive\Desktop\sickness_detection\train\not_sick\7qO5xLxWdZs_7_12.wav,not_sick
C:\Users\srafa\OneDrive\Desktop\sickness_detection\train\not_sick\7s6xFTV74tE_70_75.wav,not_sick
C:\Users\srafa\OneDrive\Desktop\sickness_detection\train\not_sick\7s6xFTV74tE_75_80.wav,not_sick
C:\Users\srafa\OneDrive\Desktop\sickness_detection\train\not_sick\7tp7_wE7Nxc_100_105.wav,not_sick
C:\Users\srafa\OneDrive\Desktop\sickness_detection\train\not_sick\7tp7_wE7Nxc_105_110.wav,not_sick
C:\Users\srafa\OneDrive\Desktop\sickness_detection\train\not_sick\7u0GGjaKPhQ_0_5.wav,not_sick
C:\Users\srafa\OneDrive\Desktop\sickness_detection\train\not_sick\7u0RPg9BmJ8_60_65.wav,not_sick
C:\Users\srafa\OneDrive\Desktop\sickness_detection\train\not_sick\7XMDKZQ0GKw_90_95.wav,not_sick
C:\Users\srafa\OneDrive\Desktop\sickness_detection\train\not_sick\7XMDKZQ0GKw_95_100.wav,not_sick
C:\Users\srafa\OneDrive\Desktop\sickness_detection\train\not_sick\7Y93xBpK1oI_100_105.wav,not_sick
C:\Users\srafa\OneDrive\Desktop\sickness_detection\train\not_sick\7zoRONQHoU_35_40.wav,not_sick
C:\Users\srafa\OneDrive\Desktop\sickness_detection\train\not_sick\827m22F9UOo_120_125.wav,not_sick
C:\Users\srafa\OneDrive\Desktop\sickness_detection\train\not_sick\827m22F9UOo_125_130.wav,not_sick
C:\Users\srafa\OneDrive\Desktop\sickness_detection\train\not_sick\82AH3rqGLBI_40_45.wav,not_sick
C:\Users\srafa\OneDrive\Desktop\sickness_detection\train\not_sick\8714J5_siEY_55_60.wav,not_sick
C:\Users\srafa\OneDrive\Desktop\sickness_detection\train\not_sick\8BMW3dPQb0_0_5.wav,not_sick
C:\Users\srafa\OneDrive\Desktop\sickness_detection\train\not_sick\8Cpu6HuZppw_55_60.wav,not_sick
C:\Users\srafa\OneDrive\Desktop\sickness_detection\train\not_sick\8dFMZU3bKo_225_230.wav,not_sick
C:\Users\srafa\OneDrive\Desktop\sickness_detection\train\not_sick\8ENp5gAVuYk_0_5.wav,not_sick
C:\Users\srafa\OneDrive\Desktop\sickness_detection\train\not_sick\8FXX56zpypA_30_35.wav,not_sick
C:\Users\srafa\OneDrive\Desktop\sickness_detection\train\not_sick\8JmnE2C3Mqw_0_5.wav,not_sick
C:\Users\srafa\OneDrive\Desktop\sickness_detection\train\not_sick\8JmnE2C3Mqw_5_10.wav,not_sick
C:\Users\srafa\OneDrive\Desktop\sickness_detection\train\not_sick\8N5XxcJ7QOU_25_30.wav,not_sick
C:\Users\srafa\OneDrive\Desktop\sickness_detection\train\not_sick\8nduqNxARvQ_3_8.wav,not_sick
C:\Users\srafa\OneDrive\Desktop\sickness_detection\train\not_sick\8nduqNxARvQ_8_13.wav,not_sick
C:\Users\srafa\OneDrive\Desktop\sickness_detection\train\not_sick\8ozR29u3byg_330_335.wav,not_sick
C:\Users\srafa\OneDrive\Desktop\sickness_detection\train\not_sick\8Qd4VM9Ox0_50_55.wav,not_sick
C:\Users\srafa\OneDrive\Desktop\sickness_detection\train\not_sick\8qwSJsL781E_20_25.wav,not_sick
C:\Users\srafa\OneDrive\Desktop\sickness_detection\train\not_sick\8qwSJsL781E_25_30.wav,not_sick
C:\Users\srafa\OneDrive\Desktop\sickness_detection\train\not_sick\8QzudUB8SMk_5_10.wav,not_sick
C:\Users\srafa\OneDrive\Desktop\sickness_detection\train\not_sick\8SRWgKxebS0_100_105.wav,not_sick
C:\Users\srafa\OneDrive\Desktop\sickness_detection\train\not_sick\8yDeG7e19I_10_15.wav,not_sick
C:\Users\srafa\OneDrive\Desktop\sickness_detection\train\not_sick\8YYeGsOzwQ0_35_40.wav,not_sick
C:\Users\srafa\OneDrive\Desktop\sickness_detection\train\not_sick\91DzpCQnSs_320_325.wav,not_sick
C:\Users\srafa\OneDrive\Desktop\sickness_detection\train\not_sick\91DzpCQnSs_325_330.wav,not_sick
C:\Users\srafa\OneDrive\Desktop\sickness_detection\train\not_sick\94tUB0BvKhM_55_60.wav,not_sick
C:\Users\srafa\OneDrive\Desktop\sickness_detection\train\not_sick\95leyynr56A_325_330.wav,not_sick
C:\Users\srafa\OneDrive\Desktop\sickness_detection\train\not_sick\96ey8FQVfUY_15_20.wav,not_sick
C:\Users\srafa\OneDrive\Desktop\sickness_detection\train\not_sick\99g83CSiXeA_560_565.wav,not_sick
C:\Users\srafa\OneDrive\Desktop\sickness_detection\train\not_sick\9BMJsv5cO4_5_10.wav,not_sick
C:\Users\srafa\OneDrive\Desktop\sickness_detection\train\not_sick\9CySoIcqhE4_30_35.wav,not_sick
C:\Users\srafa\OneDrive\Desktop\sickness_detection\train\not_sick\9k1ZuVzpF7c_40_45.wav,not_sick
C:\Users\srafa\OneDrive\Desktop\sickness_detection\train\not_sick\9k1ZuVzpF7c_45_50.wav,not_sick
C:\Users\srafa\OneDrive\Desktop\sickness_detection\train\not_sick\9LGucgLZqNc_5_10.wav,not_sick
C:\Users\srafa\OneDrive\Desktop\sickness_detection\train\not_sick\9NDns7JDb4Y_135_140.wav,not_sick
C:\Users\srafa\OneDrive\Desktop\sickness_detection\train\not_sick\9RjZr8V8PNY_120_125.wav,not_sick
C:\Users\srafa\OneDrive\Desktop\sickness_detection\train\not_sick\9sQVpi07Jx8_30_35.wav,not_sick
C:\Users\srafa\OneDrive\Desktop\sickness_detection\train\not_sick\9SwqisZFZr8_35_40.wav,not_sick
C:\Users\srafa\OneDrive\Desktop\sickness_detection\train\not_sick\9TaetitttZ8_0_5.wav,not_sick
C:\Users\srafa\OneDrive\Desktop\sickness_detection\train\not_sick\9TaetitttZ8_5_10.wav,not_sick
C:\Users\srafa\OneDrive\Desktop\sickness_detection\train\not_sick\9WbIa8U8twQ_270_275.wav,not_sick
C:\Users\srafa\OneDrive\Desktop\sickness_detection\train\not_sick\9Wwpy5YvSZU_30_35.wav,not_sick
C:\Users\srafa\OneDrive\Desktop\sickness_detection\train\not_sick\9Zl88jrpNo_150_155.wav,not_sick
C:\Users\srafa\OneDrive\Desktop\sickness_detection\train\not_sick\9Zv9SqTU8_15_20.wav,not_sick
C:\Users\srafa\OneDrive\Desktop\sickness_detection\train\not_sick\A5LNrdkqYlw_175_180.wav,not_sick
C:\Users\srafa\OneDrive\Desktop\sickness_detection\train\not_sick\a5suicQUpuI_80_85.wav,not_sick
C:\Users\srafa\OneDrive\Desktop\sickness_detection\train\not_sick\a5suicQUpuI_85_90.wav,not_sick
C:\Users\srafa\OneDrive\Desktop\sickness_detection\train\not_sick\A7H5hYSZQkM_170_175.wav,not_sick
C:\Users\srafa\OneDrive\Desktop\sickness_detection\train\not_sick\a7HQfWUQepQ_265_270.wav,not_sick
C:\Users\srafa\OneDrive\Desktop\sickness_detection\train\not_sick\a7pQzqssG4_30_35.wav,not_sick
C:\Users\srafa\OneDrive\Desktop\sickness_detection\train\not_sick\A7qS6N7Nf1w_75_80.wav,not_sick
C:\Users\srafa\OneDrive\Desktop\sickness_detection\train\not_sick\A7XiChT3VPU_80_85.wav,not_sick
C:\Users\srafa\OneDrive\Desktop\sickness_detection\train\not_sick\a8qOv7R0UkI_35_40.wav,not_sick
C:\Users\srafa\OneDrive\Desktop\sickness_detection\train\not_sick\aAbdei_9yNE_22_27.wav,not_sick
C:\Users\srafa\OneDrive\Desktop\sickness_detection\train\not_sick\aAJuPyUvHn8_25_30.wav,not_sick
C:\Users\srafa\OneDrive\Desktop\sickness_detection\train\not_sick\abSLhN9TLEw_300_305.wav,not_sick
C:\Users\srafa\OneDrive\Desktop\sickness_detection\train\not_sick\aC09lsqGxQk_30_35.wav,not_sick
C:\Users\srafa\OneDrive\Desktop\sickness_detection\train\not_sick\acGYSVFY7U0_145_150.wav,not_sick
C:\Users\srafa\OneDrive\Desktop\sickness_detection\train\not_sick\AE7TsAkUT4_15_20.wav,not_sick
C:\Users\srafa\OneDrive\Desktop\sickness_detection\train\not_sick\aFfXpjfI2nk_90_95.wav,not_sick
C:\Users\srafa\OneDrive\Desktop\sickness_detection\train\not_sick\afZYUWyx4S8_425_430.wav,not_sick
C:\Users\srafa\OneDrive\Desktop\sickness_detection\train\not_sick\AgJg2gVUcTg_10_15.wav,not_sick
C:\Users\srafa\OneDrive\Desktop\sickness_detection\train\not_sick\AhhbaEM4nI_5_10.wav,not_sick
C:\Users\srafa\OneDrive\Desktop\sickness_detection\train\not_sick\Ahssgxq381s_30_35.wav,not_sick
C:\Users\srafa\OneDrive\Desktop\sickness_detection\train\not_sick\aHXJqoRkUF0_90_95.wav,not_sick
C:\Users\srafa\OneDrive\Desktop\sickness_detection\train\not_sick\aiojV7s3hv0_50_55.wav,not_sick
C:\Users\srafa\OneDrive\Desktop\sickness_detection\train\not_sick\akiBCisKkkw_580_585.wav,not_sick
C:\Users\srafa\OneDrive\Desktop\sickness_detection\train\not_sick\ALDZ7l4FKvY_5_10.wav,not_sick
C:\Users\srafa\OneDrive\Desktop\sickness_detection\train\not_sick\AN60q9nSnMk_35_40.wav,not_sick
C:\Users\srafa\OneDrive\Desktop\sickness_detection\train\not_sick\AnFLES8rJfw_10_15.wav,not_sick
C:\Users\srafa\OneDrive\Desktop\sickness_detection\train\not_sick\AOKeCClythw_0_5.wav,not_sick
C:\Users\srafa\OneDrive\Desktop\sickness_detection\train\not_sick\AOKeCClythw_5_10.wav,not_sick
C:\Users\srafa\OneDrive\Desktop\sickness_detection\train\not_sick\aPK7Xvq9HU_70_75.wav,not_sick
C:\Users\srafa\OneDrive\Desktop\sickness_detection\train\not_sick\aPN7CnRjxo_65_70.wav,not_sick
C:\Users\srafa\OneDrive\Desktop\sickness_detection\train\not_sick\aRe7NvGw3V0_9_14.wav,not_sick
C:\Users\srafa\OneDrive\Desktop\sickness_detection\train\not_sick\As1qH6EF4I_30_35.wav,not_sick
C:\Users\srafa\OneDrive\Desktop\sickness_detection\train\not_sick\aTHVNwrEVxI_130_135.wav,not_sick
C:\Users\srafa\OneDrive\Desktop\sickness_detection\train\not_sick\aTtFjajpi3Y_35_40.wav,not_sick
C:\Users\srafa\OneDrive\Desktop\sickness_detection\train\not_sick\awnFfrkQwB0_5_10.wav,not_sick
C:\Users\srafa\OneDrive\Desktop\sickness_detection\train\not_sick\AxQX6OAUQrI_13_18.wav,not_sick
C:\Users\srafa\OneDrive\Desktop\sickness_detection\train\not_sick\AyA3U7KCzQk_35_40.wav,not_sick
C:\Users\srafa\OneDrive\Desktop\sickness_detection\train\not_sick\AyA60RbuCw_210_215.wav,not_sick
C:\Users\srafa\OneDrive\Desktop\sickness_detection\train\not_sick\AyA60RbuCw_215_220.wav,not_sick
C:\Users\srafa\OneDrive\Desktop\sickness_detection\train\not_sick\A_oB2rpSbFE_175_180.wav,not_sick
C:\Users\srafa\OneDrive\Desktop\sickness_detection\train\not_sick\A_X7MJxnuL4_35_40.wav,not_sick
C:\Users\srafa\OneDrive\Desktop\sickness_detection\train\not_sick\a_yMxQWDRHY_570_575.wav,not_sick
C:\Users\srafa\OneDrive\Desktop\sickness_detection\train\not_sick\b0qNniklhsY_5_10.wav,not_sick
C:\Users\srafa\OneDrive\Desktop\sickness_detection\train\not_sick\b10cgSinv60_85_90.wav,not_sick
C:\Users\srafa\OneDrive\Desktop\sickness_detection\train\not_sick\B4kDANvlfdk_5_10.wav,not_sick
C:\Users\srafa\OneDrive\Desktop\sickness_detection\train\not_sick\B4roAdDMa94_5_10.wav,not_sick
C:\Users\srafa\OneDrive\Desktop\sickness_detection\train\not_sick\B8dq3Zi_NDA_30_35.wav,not_sick
C:\Users\srafa\OneDrive\Desktop\sickness_detection\train\not_sick\B8dq3Zi_NDA_35_40.wav,not_sick
C:\Users\srafa\OneDrive\Desktop\sickness_detection\train\not_sick\Ba9r8flwevI_13_18.wav,not_sick
C:\Users\srafa\OneDrive\Desktop\sickness_detection\train\not_sick\bbbKtEqT5ZM_10_15.wav,not_sick
C:\Users\srafa\OneDrive\Desktop\sickness_detection\train\not_sick\BBdwfm_jsns_35_40.wav,not_sick
C:\Users\srafa\OneDrive\Desktop\sickness_detection\train\not_sick\BCVtKBBhWaE_405_410.wav,not_sick
C:\Users\srafa\OneDrive\Desktop\sickness_detection\train\not_sick\BcwR0CSZ4w_150_155.wav,not_sick
C:\Users\srafa\OneDrive\Desktop\sickness_detection\train\not_sick\BcwR0CSZ4w_155_160.wav,not_sick
C:\Users\srafa\OneDrive\Desktop\sickness_detection\train\not_sick\Bd1ew7c6xwM_280_285.wav,not_sick
C:\Users\srafa\OneDrive\Desktop\sickness_detection\train\not_sick\Bd1ew7c6xwM_285_290.wav,not_sick
C:\Users\srafa\OneDrive\Desktop\sickness_detection\train\not_sick\BDrbBzzJ3hg_210_215.wav,not_sick
C:\Users\srafa\OneDrive\Desktop\sickness_detection\train\not_sick\BDrbBzzJ3hg_215_220.wav,not_sick
C:\Users\srafa\OneDrive\Desktop\sickness_detection\train\not_sick\bEah4B4VQwg_10_15.wav,not_sick
C:\Users\srafa\OneDrive\Desktop\sickness_detection\train\not_sick\BeugJrSJbW8_160_165.wav,not_sick
C:\Users\srafa\OneDrive\Desktop\sickness_detection\train\not_sick\BeugJrSJbW8_165_170.wav,not_sick
C:\Users\srafa\OneDrive\Desktop\sickness_detection\train\not_sick\BFCjepV6q5Q_1_6.wav,not_sick
C:\Users\srafa\OneDrive\Desktop\sickness_detection\train\not_sick\BFCjepV6q5Q_6_11.wav,not_sick
C:\Users\srafa\OneDrive\Desktop\sickness_detection\train\not_sick\BfTVQCP3Zyk_30_35.wav,not_sick
C:\Users\srafa\OneDrive\Desktop\sickness_detection\train\not_sick\bHrcxPKU4A4_25_30.wav,not_sick
C:\Users\srafa\OneDrive\Desktop\sickness_detection\train\not_sick\BIiDhrGUzzI_25_30.wav,not_sick
C:\Users\srafa\OneDrive\Desktop\sickness_detection\train\not_sick\BLZw2_PhyJk_35_40.wav,not_sick
C:\Users\srafa\OneDrive\Desktop\sickness_detection\train\not_sick\bncVwHln3dI_25_30.wav,not_sick
C:\Users\srafa\OneDrive\Desktop\sickness_detection\train\not_sick\BOZ18ukfOW8_60_65.wav,not_sick
C:\Users\srafa\OneDrive\Desktop\sickness_detection\train\not_sick\BOZ18ukfOW8_65_70.wav,not_sick
C:\Users\srafa\OneDrive\Desktop\sickness_detection\train\not_sick\BP7V4MBMekQ_5_10.wav,not_sick
C:\Users\srafa\OneDrive\Desktop\sickness_detection\train\not_sick\BPGZsM5gWO4_35_40.wav,not_sick
C:\Users\srafa\OneDrive\Desktop\sickness_detection\train\not_sick\BpytplmLtzE_225_230.wav,not_sick
C:\Users\srafa\OneDrive\Desktop\sickness_detection\train\not_sick\BqK5GsVPpB8_0_5.wav,not_sick
C:\Users\srafa\OneDrive\Desktop\sickness_detection\train\not_sick\brmsaXDI7YA_80_85.wav,not_sick
C:\Users\srafa\OneDrive\Desktop\sickness_detection\train\not_sick\brmsaXDI7YA_85_90.wav,not_sick
C:\Users\srafa\OneDrive\Desktop\sickness_detection\train\not_sick\BSOoWjmtLdg_10_15.wav,not_sick
C:\Users\srafa\OneDrive\Desktop\sickness_detection\train\not_sick\bSRQuHPHXf4_75_80.wav,not_sick
C:\Users\srafa\OneDrive\Desktop\sickness_detection\train\not_sick\BsuzDDKiJ7Q_10_15.wav,not_sick
C:\Users\srafa\OneDrive\Desktop\sickness_detection\train\not_sick\BsuzDDKiJ7Q_15_20.wav,not_sick
C:\Users\srafa\OneDrive\Desktop\sickness_detection\train\not_sick\bT3B5ZIAYqQ_495_500.wav,not_sick
C:\Users\srafa\OneDrive\Desktop\sickness_detection\train\not_sick\bUVN9Frr6gE_480_485.wav,not_sick
C:\Users\srafa\OneDrive\Desktop\sickness_detection\train\not_sick\bVCz4EQWR8_6_11.wav,not_sick
C:\Users\srafa\OneDrive\Desktop\sickness_detection\train\not_sick\BWfsqYJSCAA_20_25.wav,not_sick
C:\Users\srafa\OneDrive\Desktop\sickness_detection\train\not_sick\bxiE_j1ooc8_110_115.wav,not_sick
C:\Users\srafa\OneDrive\Desktop\sickness_detection\train\not_sick\bxiE_j1ooc8_115_120.wav,not_sick
C:\Users\srafa\OneDrive\Desktop\sickness_detection\train\not_sick\bXUxZwWlk0_570_575.wav,not_sick
C:\Users\srafa\OneDrive\Desktop\sickness_detection\train\not_sick\by9GsID7bo_160_165.wav,not_sick
C:\Users\srafa\OneDrive\Desktop\sickness_detection\train\not_sick\c3UaeG42TE_5_10.wav,not_sick
C:\Users\srafa\OneDrive\Desktop\sickness_detection\train\not_sick\c48dmIi6DPQ_120_125.wav,not_sick
C:\Users\srafa\OneDrive\Desktop\sickness_detection\train\not_sick\C5QxHyI1GBc_520_525.wav,not_sick
C:\Users\srafa\OneDrive\Desktop\sickness_detection\train\not_sick\c6qt2qEmzH0_65_70.wav,not_sick
C:\Users\srafa\OneDrive\Desktop\sickness_detection\train\not_sick\ceHh3qPXrrc_80_85.wav,not_sick
C:\Users\srafa\OneDrive\Desktop\sickness_detection\train\not_sick\cfRNCeu1azs_230_235.wav,not_sick
C:\Users\srafa\OneDrive\Desktop\sickness_detection\train\not_sick\cHy3iSK7k8U_10_15.wav,not_sick
C:\Users\srafa\OneDrive\Desktop\sickness_detection\train\not_sick\CIiZFckAT5M_0_5.wav,not_sick
C:\Users\srafa\OneDrive\Desktop\sickness_detection\train\not_sick\CJ_jV1l19IQ_310_315.wav,not_sick
C:\Users\srafa\OneDrive\Desktop\sickness_detection\train\not_sick\CJ_jV1l19IQ_315_320.wav,not_sick
C:\Users\srafa\OneDrive\Desktop\sickness_detection\train\not_sick\Ck8OHNOBlSc_30_35.wav,not_sick
C:\Users\srafa\OneDrive\Desktop\sickness_detection\train\not_sick\Ck8OHNOBlSc_35_40.wav,not_sick
C:\Users\srafa\OneDrive\Desktop\sickness_detection\train\not_sick\cKMrfUUBho_45_50.wav,not_sick
C:\Users\srafa\OneDrive\Desktop\sickness_detection\train\not_sick\cK_hw1SsdEM_15_20.wav,not_sick
C:\Users\srafa\OneDrive\Desktop\sickness_detection\train\not_sick\cl4hzarjGhk_5_10.wav,not_sick
C:\Users\srafa\OneDrive\Desktop\sickness_detection\train\not_sick\cl5BtrqtZ4_55_60.wav,not_sick
C:\Users\srafa\OneDrive\Desktop\sickness_detection\train\not_sick\cN2hPN5zAAQ_500_505.wav,not_sick
C:\Users\srafa\OneDrive\Desktop\sickness_detection\train\not_sick\CO1M63tvnrw_35_40.wav,not_sick
C:\Users\srafa\OneDrive\Desktop\sickness_detection\train\not_sick\cP337bGpQoE_45_50.wav,not_sick
C:\Users\srafa\OneDrive\Desktop\sickness_detection\train\not_sick\cQVbXeuLmRg_20_25.wav,not_sick
C:\Users\srafa\OneDrive\Desktop\sickness_detection\train\not_sick\CRwYpw_EMI0_8_13.wav,not_sick
C:\Users\srafa\OneDrive\Desktop\sickness_detection\train\not_sick\CsNTOw4LTBw_105_110.wav,not_sick
C:\Users\srafa\OneDrive\Desktop\sickness_detection\train\not_sick\cT569hiKSAE_35_40.wav,not_sick
C:\Users\srafa\OneDrive\Desktop\sickness_detection\train\not_sick\cTxs2Ew0RTE_45_50.wav,not_sick
C:\Users\srafa\OneDrive\Desktop\sickness_detection\train\not_sick\CUiajtjBXHM_30_35.wav,not_sick
C:\Users\srafa\OneDrive\Desktop\sickness_detection\train\not_sick\cV1LtKXsZUo_10_15.wav,not_sick
C:\Users\srafa\OneDrive\Desktop\sickness_detection\train\not_sick\cV1LtKXsZUo_15_20.wav,not_sick
C:\Users\srafa\OneDrive\Desktop\sickness_detection\train\not_sick\cVthqUjoiT0_35_40.wav,not_sick
C:\Users\srafa\OneDrive\Desktop\sickness_detection\train\not_sick\Cwt7hCUOCDY_35_40.wav,not_sick
C:\Users\srafa\OneDrive\Desktop\sickness_detection\train\not_sick\CwXrwgVffM_30_35.wav,not_sick
C:\Users\srafa\OneDrive\Desktop\sickness_detection\train\not_sick\Cy9ViTff3Zc_90_95.wav,not_sick
C:\Users\srafa\OneDrive\Desktop\sickness_detection\train\not_sick\Cy9ViTff3Zc_95_100.wav,not_sick
C:\Users\srafa\OneDrive\Desktop\sickness_detection\train\not_sick\D1FG_2cv9L8_5_10.wav,not_sick
C:\Users\srafa\OneDrive\Desktop\sickness_detection\train\not_sick\D2KAfYEyrFE_30_35.wav,not_sick
C:\Users\srafa\OneDrive\Desktop\sickness_detection\train\not_sick\d2WcEl5PHvw_95_100.wav,not_sick
C:\Users\srafa\OneDrive\Desktop\sickness_detection\train\not_sick\d3xGu7Y94Ao_30_35.wav,not_sick
C:\Users\srafa\OneDrive\Desktop\sickness_detection\train\not_sick\d8uNRdaPSs_20_25.wav,not_sick
C:\Users\srafa\OneDrive\Desktop\sickness_detection\train\not_sick\d_BRdG1JOAA_30_35.wav,not_sick
C:\Users\srafa\OneDrive\Desktop\sickness_detection\train\not_sick\D_GFVkaRgg_0_5.wav,not_sick
C:\Users\srafa\OneDrive\Desktop\sickness_detection\train\not_sick\D_GFVkaRgg_5_10.wav,not_sick
C:\Users\srafa\OneDrive\Desktop\sickness_detection\train\not_sick\_0WKVY0n8aE_150_155.wav,not_sick
C:\Users\srafa\OneDrive\Desktop\sickness_detection\train\not_sick\_0wt8z6hcE_150_155.wav,not_sick
C:\Users\srafa\OneDrive\Desktop\sickness_detection\train\not_sick\_0wt8z6hcE_155_160.wav,not_sick
C:\Users\srafa\OneDrive\Desktop\sickness_detection\train\not_sick\_1keOOsT738_35_40.wav,not_sick
C:\Users\srafa\OneDrive\Desktop\sickness_detection\train\not_sick\_3RvCwwIZ4w_15_20.wav,not_sick
C:\Users\srafa\OneDrive\Desktop\sickness_detection\train\not_sick\_3sguzoLaTk_10_15.wav,not_sick
C:\Users\srafa\OneDrive\Desktop\sickness_detection\train\not_sick\_3sguzoLaTk_15_20.wav,not_sick
C:\Users\srafa\OneDrive\Desktop\sickness_detection\train\not_sick\_97xkAkbwxQ_0_5.wav,not_sick
C:\Users\srafa\OneDrive\Desktop\sickness_detection\train\not_sick\_97xkAkbwxQ_5_10.wav,not_sick
C:\Users\srafa\OneDrive\Desktop\sickness_detection\train\not_sick\_9X0sxE6JnU_160_165.wav,not_sick
C:\Users\srafa\OneDrive\Desktop\sickness_detection\train\not_sick\_9X0sxE6JnU_165_170.wav,not_sick
C:\Users\srafa\OneDrive\Desktop\sickness_detection\train\not_sick\_9YKlnmoDjs_16_21.wav,not_sick
C:\Users\srafa\OneDrive\Desktop\sickness_detection\train\not_sick\_AjXY9cHCxA_155_160.wav,not_sick
C:\Users\srafa\OneDrive\Desktop\sickness_detection\train\not_sick\_aWgJa6QXc0_135_140.wav,not_sick
C:\Users\srafa\OneDrive\Desktop\sickness_detection\train\not_sick\_bNWx6FLpu0_20_25.wav,not_sick
C:\Users\srafa\OneDrive\Desktop\sickness_detection\train\not_sick\_bNWx6FLpu0_25_30.wav,not_sick
C:\Users\srafa\OneDrive\Desktop\sickness_detection\train\not_sick\_DAAIz2O1vbc_0_5.wav,not_sick
C:\Users\srafa\OneDrive\Desktop\sickness_detection\train\not_sick\_dfcXBTcmqU_75_80.wav,not_sick
C:\Users\srafa\OneDrive\Desktop\sickness_detection\train\not_sick\_e4GZ6p6nCY_20_25.wav,not_sick
C:\Users\srafa\OneDrive\Desktop\sickness_detection\train\not_sick\_Fj6Jwz6XDs_85_90.wav,not_sick
C:\Users\srafa\OneDrive\Desktop\sickness_detection\train\not_sick\_fsiDpnxeE_220_225.wav,not_sick
C:\Users\srafa\OneDrive\Desktop\sickness_detection\train\not_sick\_fsiDpnxeE_225_230.wav,not_sick
C:\Users\srafa\OneDrive\Desktop\sickness_detection\train\not_sick\_Gi4DbCIpqE_470_475.wav,not_sick
C:\Users\srafa\OneDrive\Desktop\sickness_detection\train\not_sick\_Gi4DbCIpqE_475_480.wav,not_sick
C:\Users\srafa\OneDrive\Desktop\sickness_detection\train\not_sick\_jZha6gjkK8_14_19.wav,not_sick
C:\Users\srafa\OneDrive\Desktop\sickness_detection\train\not_sick\_LLQvb2xAtg_40_45.wav,not_sick
C:\Users\srafa\OneDrive\Desktop\sickness_detection\train\not_sick\_MLcWmxLzHk_5_10.wav,not_sick
C:\Users\srafa\OneDrive\Desktop\sickness_detection\train\not_sick\_pxnSaDou3I_0_5.wav,not_sick
C:\Users\srafa\OneDrive\Desktop\sickness_detection\train\not_sick\_pxnSaDou3I_5_10.wav,not_sick
C:\Users\srafa\OneDrive\Desktop\sickness_detection\train\not_sick\_qBvkIrM5_c_400_405.wav,not_sick
C:\Users\srafa\OneDrive\Desktop\sickness_detection\train\not_sick\_qBvkIrM5_c_405_410.wav,not_sick
C:\Users\srafa\OneDrive\Desktop\sickness_detection\train\not_sick\_qDSR5skY0c_70_75.wav,not_sick
C:\Users\srafa\OneDrive\Desktop\sickness_detection\train\not_sick\_UIiTNYfQ4g_20_25.wav,not_sick
C:\Users\srafa\OneDrive\Desktop\sickness_detection\train\not_sick\_UIiTNYfQ4g_25_30.wav,not_sick
C:\Users\srafa\OneDrive\Desktop\sickness_detection\train\not_sick\_UJQR6E56N4_30_35.wav,not_sick
C:\Users\srafa\OneDrive\Desktop\sickness_detection\train\not_sick\_vw2tuYuWUU_170_175.wav,not_sick
C:\Users\srafa\OneDrive\Desktop\sickness_detection\train\not_sick\_wk7Bhutevw_80_85.wav,not_sick
C:\Users\srafa\OneDrive\Desktop\sickness_detection\train\not_sick\_wk7Bhutevw_85_90.wav,not_sick
C:\Users\srafa\OneDrive\Desktop\sickness_detection\train\not_sick\_WtpQ5HGMWU_10_15.wav,not_sick
C:\Users\srafa\OneDrive\Desktop\sickness_detection\train\not_sick\_WtpQ5HGMWU_15_20.wav,not_sick
C:\Users\srafa\OneDrive\Desktop\sickness_detection\train\not_sick\_xM6pgvR2AA_150_155.wav,not_sick
C:\Users\srafa\OneDrive\Desktop\sickness_detection\train\not_sick\_YqaeNeVQbw_20_25.wav,not_sick
C:\Users\srafa\OneDrive\Desktop\sickness_detection\train\not_sick\_yQljQxyHv0_320_325.wav,not_sick
C:\Users\srafa\OneDrive\Desktop\sickness_detection\train\not_sick\_yQljQxyHv0_325_330.wav,not_sick
C:\Users\srafa\OneDrive\Desktop\sickness_detection\train\not_sick\__lxDIpII74_10_15.wav,not_sick
C:\Users\srafa\OneDrive\Desktop\sickness_detection\train\not_sick\__lxDIpII74_15_20.wav,not_sick
